,text,url,state,state_abbr
0,Alabama_CD_1992_2000.zip (122.6 KB),https://thearp.org/documents/12845/Alabama_CD_1992_2000.zip,ALABAMA,AL
1,al_upper_1992_2000.zip (2.5 MB),https://thearp.org/documents/12720/al_upper_1992_2000.zip,AL,AL
2,al_lower_1992_2000.zip (3.5 MB),https://thearp.org/documents/12719/al_lower_1992_2000.zip,AL,AL
3,AL_CD_2002_2010.zip (1.1 MB),https://thearp.org/documents/11011/AL_CD_2002_2010.zip,AL,AL
4,al_upper_2002_2010.zip (2.2 MB),https://thearp.org/documents/10655/al_upper_2002_2010.zip,AL,AL
5,al_lower_2002_2010.zip (3.5 MB),https://thearp.org/documents/10713/al_lower_2002_2010.zip,AL,AL
6,AL_2012to2020_CD.zip (1.0 MB),https://thearp.org/documents/5084/AL_2012to2020_CD.zip,AL,AL
7,AL_2012to2016_SU.zip (2.4 MB),https://thearp.org/documents/5114/AL_2012to2016_SU.zip,AL,AL
8,AL_2012to2016_SL.zip (4.2 MB),https://thearp.org/documents/5217/AL_2012to2016_SL.zip,AL,AL
9,AL_2018to2020_SU.zip (2.4 MB),https://thearp.org/documents/5115/AL_2018to2020_SU.zip,AL,AL
10,AL_2018to2020_SL.zip (4.4 MB),https://thearp.org/documents/5157/AL_2018to2020_SL.zip,AL,AL
11,AL_CD_Enacted11042021_QjvUMkL.zip (1.0 MB),https://thearp.org/documents/583/AL_CD_Enacted11042021_QjvUMkL.zip,AL,AL
12,AL_SD_Enacted11042021_NR3fNLk.zip (2.1 MB),https://thearp.org/documents/589/AL_SD_Enacted11042021_NR3fNLk.zip,AL,AL
13,AL_LD_Enacted_Technical_Changes.zip (4.2 MB),https://thearp.org/documents/12508/AL_LD_Enacted_Technical_Changes.zip,AL,AL
14,AL_CD_Enacted10052023.zip (278.2 KB),https://thearp.org/documents/14445/AL_CD_Enacted10052023.zip,AL,AL
15,AL_SD_Remedial2025.zip (529.9 KB),https://thearp.org/documents/19121/AL_SD_Remedial2025.zip,AL,AL
16,AL_CD_2026.zip (227.5 KB),https://thearp.org/documents/20150/AL_CD_2026.zip,AL,AL
17,Alaska_CD_1992_2000.zip (140.8 KB),https://thearp.org/documents/12846/Alaska_CD_1992_2000.zip,ALASKA,AK
18,ak_upper_1992_2000.zip (1.0 MB),https://thearp.org/documents/12718/ak_upper_1992_2000.zip,AK,AK
19,ak_lower_1992_2000.zip (1.5 MB),https://thearp.org/documents/12717/ak_lower_1992_2000.zip,AK,AK
20,ak_upper_2002_2010.zip (1.4 MB),https://thearp.org/documents/10654/ak_upper_2002_2010.zip,AK,AK
21,ak_lower_2002_2010.zip (1.7 MB),https://thearp.org/documents/10714/ak_lower_2002_2010.zip,AK,AK
22,AK_2012to2020_CD.zip (165.8 KB),https://thearp.org/documents/5083/AK_2012to2020_CD.zip,AK,AK
23,AK_2012_SU.zip (2.0 MB),https://thearp.org/documents/5112/AK_2012_SU.zip,AK,AK
24,AK_2012_SL.zip (2.3 MB),https://thearp.org/documents/5215/AK_2012_SL.zip,AK,AK
25,AK_2014to2020_SU.zip (3.4 MB),https://thearp.org/documents/5113/AK_2014to2020_SU.zip,AK,AK
26,AK_2014to2020_SL.zip (3.9 MB),https://thearp.org/documents/5216/AK_2014to2020_SL.zip,AK,AK
27,AK_US_Cong_2018.zip (164.1 KB),https://thearp.org/documents/592/AK_US_Cong_2018.zip,AK,AK
28,AK_SD_Interim005252022.zip (969.4 KB),https://thearp.org/documents/598/AK_SD_Interim005252022.zip,AK,AK
29,AK_LD_Interim005252022.zip (1.4 MB),https://thearp.org/documents/595/AK_LD_Interim005252022.zip,AK,AK
30,Arizona_CD_1992_2000.zip (87.7 KB),https://thearp.org/documents/12847/Arizona_CD_1992_2000.zip,ARIZONA,AZ
31,AZ_upper_1992-2000.zip (839.2 KB),https://thearp.org/documents/12722/AZ_upper_1992-2000.zip,AZ,AZ
32,AZ_lower_1992_2000.zip (839.2 KB),https://thearp.org/documents/12721/AZ_lower_1992_2000.zip,AZ,AZ
33,AZ_CD_2002_2010.zip (1.1 MB),https://thearp.org/documents/11013/AZ_CD_2002_2010.zip,AZ,AZ
34,az_upper_2002.zip (664.8 KB),https://thearp.org/documents/10657/az_upper_2002.zip,AZ,AZ
35,az_lower_2002.zip (664.7 KB),https://thearp.org/documents/10711/az_lower_2002.zip,AZ,AZ
36,az_upper_2004to2010.zip (662.5 KB),https://thearp.org/documents/10599/az_upper_2004to2010.zip,AZ,AZ
37,az_lower_2004to2010.zip (662.5 KB),https://thearp.org/documents/10710/az_lower_2004to2010.zip,AZ,AZ
38,AZ_2012to2020_CD.zip (970.5 KB),https://thearp.org/documents/5086/AZ_2012to2020_CD.zip,AZ,AZ
39,AZ_2012to2020_SU.zip (1.4 MB),https://thearp.org/documents/5117/AZ_2012to2020_SU.zip,AZ,AZ
40,AZ_2012to2020_SL.zip (1.4 MB),https://thearp.org/documents/5159/AZ_2012to2020_SL.zip,AZ,AZ
41,AZ_CD_Final_01212022.zip (851.2 KB),https://thearp.org/documents/601/AZ_CD_Final_01212022.zip,AZ,AZ
42,AZ_SD_Final_01212022.zip (1.5 MB),https://thearp.org/documents/607/AZ_SD_Final_01212022.zip,AZ,AZ
43,AZ_LD_Final_01212022.zip (1.5 MB),https://thearp.org/documents/604/AZ_LD_Final_01212022.zip,AZ,AZ
44,AR_CD_2002_2010.zip (678.6 KB),https://thearp.org/documents/11012/AR_CD_2002_2010.zip,AR,AR
45,ar_upper_2002_2010.zip (1.7 MB),https://thearp.org/documents/10656/ar_upper_2002_2010.zip,AR,AR
46,ar_lower_2002_2010.zip (2.9 MB),https://thearp.org/documents/10712/ar_lower_2002_2010.zip,AR,AR
47,AR_2012to2020_CD.zip (611.7 KB),https://thearp.org/documents/5085/AR_2012to2020_CD.zip,AR,AR
48,AR_2012to2020_SU.zip (2.5 MB),https://thearp.org/documents/5116/AR_2012to2020_SU.zip,AR,AR
49,AR_2012to2020_SL.zip (3.8 MB),https://thearp.org/documents/5218/AR_2012to2020_SL.zip,AR,AR
50,AR_CD_Enacted01142022.zip (876.0 KB),https://thearp.org/documents/610/AR_CD_Enacted01142022.zip,AR,AR
51,AR_SD_Enacted12292021.zip (2.4 MB),https://thearp.org/documents/616/AR_SD_Enacted12292021.zip,AR,AR
52,AR_LD_Enacted12292021.zip (3.4 MB),https://thearp.org/documents/613/AR_LD_Enacted12292021.zip,AR,AR
53,California_CD_1992_2000.zip (326.0 KB),https://thearp.org/documents/12849/California_CD_1992_2000.zip,CALIFORNIA,CA
54,CA_Upper_1992_2000.zip (1.1 MB),https://thearp.org/documents/12724/CA_Upper_1992_2000.zip,CA,CA
55,CA_Lower_1992_2000.zip (1.6 MB),https://thearp.org/documents/12723/CA_Lower_1992_2000.zip,CA,CA
56,CA_CD_2002_2010.zip (4.3 MB),https://thearp.org/documents/11014/CA_CD_2002_2010.zip,CA,CA
57,ca_upper_2002_2010.zip (1.3 MB),https://thearp.org/documents/10600/ca_upper_2002_2010.zip,CA,CA
58,ca_lower_2002_2010shp.zip (1.7 MB),https://thearp.org/documents/10709/ca_lower_2002_2010shp.zip,CA,CA
59,CA_2012to2020_CD.zip (3.1 MB),https://thearp.org/documents/5087/CA_2012to2020_CD.zip,CA,CA
60,CA_2012to2020_SU.zip (3.4 MB),https://thearp.org/documents/5118/CA_2012to2020_SU.zip,CA,CA
61,CA_2012to2020_SL.zip (4.3 MB),https://thearp.org/documents/5160/CA_2012to2020_SL.zip,CA,CA
62,CA_CD_Final_12262021.zip (4.2 MB),https://thearp.org/documents/619/CA_CD_Final_12262021.zip,CA,CA
63,CA_SD_Final_12262021.zip (3.5 MB),https://thearp.org/documents/625/CA_SD_Final_12262021.zip,CA,CA
64,CA_LD_Enacted_Technical_Changes_zaVY5DK.zip (4.6 MB),https://thearp.org/documents/12607/CA_LD_Enacted_Technical_Changes_zaVY5DK.zip,CA,CA
65,ca_cd_prop50_EnhHRHd.zip (4.7 MB),https://thearp.org/documents/19013/ca_cd_prop50_EnhHRHd.zip,CA,CA
66,Colorado_CD_1992_2000.zip (69.8 KB),https://thearp.org/documents/12850/Colorado_CD_1992_2000.zip,COLORADO,CO
67,co_upper_1992_2000.zip (925.9 KB),https://thearp.org/documents/12726/co_upper_1992_2000.zip,CO,CO
68,co_lower_1992to2000.zip (1.8 MB),https://thearp.org/documents/12725/co_lower_1992to2000.zip,CO,CO
69,CO_CD_2002_2010.zip (648.9 KB),https://thearp.org/documents/11015/CO_CD_2002_2010.zip,CO,CO
70,co_upper_2002_2010.zip (1.1 MB),https://thearp.org/documents/10601/co_upper_2002_2010.zip,CO,CO
71,co_lower_2002to2010.zip (1.7 MB),https://thearp.org/documents/10708/co_lower_2002to2010.zip,CO,CO
72,CO_2012to2020_CD.zip (650.7 KB),https://thearp.org/documents/5033/CO_2012to2020_CD.zip,CO,CO
73,CO_2012to2020_SU.zip (1.1 MB),https://thearp.org/documents/5119/CO_2012to2020_SU.zip,CO,CO
74,CO_2012to2020_SL.zip (1.6 MB),https://thearp.org/documents/5161/CO_2012to2020_SL.zip,CO,CO
75,CO_CD_Enacted_Technical_Changes.zip (725.0 KB),https://thearp.org/documents/12511/CO_CD_Enacted_Technical_Changes.zip,CO,CO
76,CO_SD_Enacted_technical_changes.zip (1.2 MB),https://thearp.org/documents/12513/CO_SD_Enacted_technical_changes.zip,CO,CO
77,CO_LD_Enacted_Technical_Changes.zip (1.7 MB),https://thearp.org/documents/12512/CO_LD_Enacted_Technical_Changes.zip,CO,CO
78,Connecticut_CD_1992_2000.zip (25.3 KB),https://thearp.org/documents/12851/Connecticut_CD_1992_2000.zip,CONNECTICUT,CT
79,ct_upper_1992to2000.zip (560.9 KB),https://thearp.org/documents/12728/ct_upper_1992to2000.zip,CT,CT
80,ct_lower_1992to2000.zip (1.3 MB),https://thearp.org/documents/12727/ct_lower_1992to2000.zip,CT,CT
81,CT_CD_2002_2010.zip (259.6 KB),https://thearp.org/documents/11016/CT_CD_2002_2010.zip,CT,CT
82,ct_upper_2002to2010.zip (594.1 KB),https://thearp.org/documents/10602/ct_upper_2002to2010.zip,CT,CT
83,ct_lower_2002to2010.zip (1.2 MB),https://thearp.org/documents/10707/ct_lower_2002to2010.zip,CT,CT
84,CT_2012to2020_CD.zip (250.2 KB),https://thearp.org/documents/5034/CT_2012to2020_CD.zip,CT,CT
85,CT_2012to2020_SU.zip (782.4 KB),https://thearp.org/documents/5120/CT_2012to2020_SU.zip,CT,CT
86,CT_2012to2020_SL.zip (1.4 MB),https://thearp.org/documents/5162/CT_2012to2020_SL.zip,CT,CT
87,CT_CD_Enacted02102022.zip (274.0 KB),https://thearp.org/documents/637/CT_CD_Enacted02102022.zip,CT,CT
88,CT_SD_Enacted11232021.zip (790.3 KB),https://thearp.org/documents/643/CT_SD_Enacted11232021.zip,CT,CT
89,CT_LD_Enacted11182021_lipOwwW.zip (1.3 MB),https://thearp.org/documents/640/CT_LD_Enacted11182021_lipOwwW.zip,CT,CT
90,Delaware_CD_1992_2000.zip (8.4 KB),https://thearp.org/documents/12852/Delaware_CD_1992_2000.zip,DELAWARE,DE
91,de_upper_1992to2000.zip (381.1 KB),https://thearp.org/documents/12803/de_upper_1992to2000.zip,DE,DE
92,de_lower_1992to2000.zip (429.2 KB),https://thearp.org/documents/12729/de_lower_1992to2000.zip,DE,DE
93,de_upper_2002to2010.zip (374.8 KB),https://thearp.org/documents/10603/de_upper_2002to2010.zip,DE,DE
94,de_lower_2002to2010.zip (430.3 KB),https://thearp.org/documents/10706/de_lower_2002to2010.zip,DE,DE
95,DE_2012to2020_CD.zip (55.2 KB),https://thearp.org/documents/5035/DE_2012to2020_CD.zip,DE,DE
96,DE_2012to2020_SU.zip (423.7 KB),https://thearp.org/documents/5121/DE_2012to2020_SU.zip,DE,DE
97,DE_2012to2020_SL.zip (527.7 KB),https://thearp.org/documents/5163/DE_2012to2020_SL.zip,DE,DE
98,DE_US_Cong_2018.zip (53.4 KB),https://thearp.org/documents/646/DE_US_Cong_2018.zip,DE,DE
99,DE_SD_Enacted_Technical_Changes.zip (353.2 KB),https://thearp.org/documents/12515/DE_SD_Enacted_Technical_Changes.zip,DE,DE
100,DE_LD_Enacted_Technical_Changes.zip (537.5 KB),https://thearp.org/documents/12514/DE_LD_Enacted_Technical_Changes.zip,DE,DE
101,FL_CD_1992_1994.zip (189.5 KB),https://thearp.org/documents/12991/FL_CD_1992_1994.zip,FL,FL
102,FL_upper_1992to1994.zip (1.2 MB),https://thearp.org/documents/12731/FL_upper_1992to1994.zip,FL,FL
103,fl_lower_1992to2000.zip (1.5 MB),https://thearp.org/documents/12730/fl_lower_1992to2000.zip,FL,FL
104,florida_cd_1996_2000.zip (222.4 KB),https://thearp.org/documents/12853/florida_cd_1996_2000.zip,FLORIDA,FL
105,FL_Upper_1996to2000.zip (1.1 MB),https://thearp.org/documents/12732/FL_Upper_1996to2000.zip,FL,FL
106,FL_CD_2002_2010.zip (2.4 MB),https://thearp.org/documents/11017/FL_CD_2002_2010.zip,FL,FL
107,fl_upper_2002to2010.zip (2.3 MB),https://thearp.org/documents/10604/fl_upper_2002to2010.zip,FL,FL
108,fl_lower_2002to2010.zip (3.5 MB),https://thearp.org/documents/10705/fl_lower_2002to2010.zip,FL,FL
109,FL_2012to2014_CD.zip (1.3 MB),https://thearp.org/documents/5036/FL_2012to2014_CD.zip,FL,FL
110,FL_2012to2014_SU.zip (1.5 MB),https://thearp.org/documents/5122/FL_2012to2014_SU.zip,FL,FL
111,FL_2012to2020_SL.zip (2.0 MB),https://thearp.org/documents/5164/FL_2012to2020_SL.zip,FL,FL
112,FL_2016to2020_CD.zip (1.3 MB),https://thearp.org/documents/5037/FL_2016to2020_CD.zip,FL,FL
113,FL_2016to2020_SU.zip (1.4 MB),https://thearp.org/documents/5123/FL_2016to2020_SU.zip,FL,FL
114,FL_CD_Enacted04222022_Florida.zip (1.2 MB),https://thearp.org/documents/655/FL_CD_Enacted04222022_Florida.zip,FL,FL
115,FL_SD_Enacted03032022.zip (1.4 MB),https://thearp.org/documents/661/FL_SD_Enacted03032022.zip,FL,FL
116,FL_LD_Enacted03032022.zip (2.3 MB),https://thearp.org/documents/658/FL_LD_Enacted03032022.zip,FL,FL
117,FL_CD2026.zip (291.7 KB),https://thearp.org/documents/20151/FL_CD2026.zip,FL,FL
118,GA_CD_1992.zip (197.2 KB),https://thearp.org/documents/12992/GA_CD_1992.zip,GA,GA
119,ga_upper_1992to2000.zip (2.7 MB),https://thearp.org/documents/12734/ga_upper_1992to2000.zip,GA,GA
120,ga_lower_1992to2000_UPDATED.zip (5.5 MB),https://thearp.org/documents/12733/ga_lower_1992to2000_UPDATED.zip,GA,GA
121,GA_CD_1994.zip (201.8 KB),https://thearp.org/documents/12993/GA_CD_1994.zip,GA,GA
122,Georgia_CD_1996_2000.zip (133.8 KB),https://thearp.org/documents/12854/Georgia_CD_1996_2000.zip,GEORGIA,GA
123,GA_CD_2002_2004.zip (2.9 MB),https://thearp.org/documents/11018/GA_CD_2002_2004.zip,GA,GA
124,GA_Upper_2002.zip (2.7 MB),https://thearp.org/documents/10605/GA_Upper_2002.zip,GA,GA
125,GA_lower_2002.zip (2.2 MB),https://thearp.org/documents/10704/GA_lower_2002.zip,GA,GA
126,GA_upper_2004.zip (1.3 MB),https://thearp.org/documents/10606/GA_upper_2004.zip,GA,GA
127,ga_lower_2004_2010.zip (4.9 MB),https://thearp.org/documents/10703/ga_lower_2004_2010.zip,GA,GA
128,GA_CD_2006_2010.zip (2.9 MB),https://thearp.org/documents/11019/GA_CD_2006_2010.zip,GA,GA
129,ga_upper_2006to2010.zip (2.9 MB),https://thearp.org/documents/10607/ga_upper_2006to2010.zip,GA,GA
130,GA_2012to2020_CD.zip (1.6 MB),https://thearp.org/documents/5038/GA_2012to2020_CD.zip,GA,GA
131,GA_2012_SU.zip (6.2 MB),https://thearp.org/documents/5124/GA_2012_SU.zip,GA,GA
132,GA_2012to2014_SL.zip (653.3 KB),https://thearp.org/documents/5165/GA_2012to2014_SL.zip,GA,GA
133,GA_2014to2020_SU.zip (3.5 MB),https://thearp.org/documents/5125/GA_2014to2020_SU.zip,GA,GA
134,GA_2016to2020_SL.zip (5.6 MB),https://thearp.org/documents/5166/GA_2016to2020_SL.zip,GA,GA
135,GA_CD_enacted12302021.zip (1.7 MB),https://thearp.org/documents/664/GA_CD_enacted12302021.zip,GA,GA
136,GA_SD_enacted12302021.zip (3.3 MB),https://thearp.org/documents/670/GA_SD_enacted12302021.zip,GA,GA
137,GA_LD_enacted12302021.zip (6.0 MB),https://thearp.org/documents/667/GA_LD_enacted12302021.zip,GA,GA
138,GA_CD_Enacted12082023.zip (1.8 MB),https://thearp.org/documents/15112/GA_CD_Enacted12082023.zip,GA,GA
139,GA_SD_12_08_2023.zip (3.4 MB),https://thearp.org/documents/15120/GA_SD_12_08_2023.zip,GA,GA
140,GA_LD_Enacted12082023.zip (6.0 MB),https://thearp.org/documents/15117/GA_LD_Enacted12082023.zip,GA,GA
141,Hawaii_CD_1992_2000.zip (23.4 KB),https://thearp.org/documents/12855/Hawaii_CD_1992_2000.zip,HAWAII,HI
142,HI_CD_2002_2010.zip (82.2 KB),https://thearp.org/documents/11020/HI_CD_2002_2010.zip,HI,HI
143,hi_upper_2002to2010.zip (2.2 MB),https://thearp.org/documents/10608/hi_upper_2002to2010.zip,HI,HI
144,hi_lower_2002to2010.zip (2.4 MB),https://thearp.org/documents/10702/hi_lower_2002to2010.zip,HI,HI
145,HI_2012to2020_CD.zip (77.1 KB),https://thearp.org/documents/5039/HI_2012to2020_CD.zip,HI,HI
146,HI_2012to2020_SU.zip (794.8 KB),https://thearp.org/documents/5126/HI_2012to2020_SU.zip,HI,HI
147,HI_2012to2020_SL.zip (1.0 MB),https://thearp.org/documents/5167/HI_2012to2020_SL.zip,HI,HI
148,HI_CD_01282022_Approved.zip (91.9 KB),https://thearp.org/documents/673/HI_CD_01282022_Approved.zip,HI,HI
149,HI_SD_Final_Approved.zip (323.8 KB),https://thearp.org/documents/679/HI_SD_Final_Approved.zip,HI,HI
150,HI_LD_Final_Approved.zip (663.9 KB),https://thearp.org/documents/676/HI_LD_Final_Approved.zip,HI,HI
151,Idaho_CD_1992_2000.zip (66.0 KB),https://thearp.org/documents/12856/Idaho_CD_1992_2000.zip,IDAHO,ID
152,id_upper_1992to2000.zip (1.9 MB),https://thearp.org/documents/12738/id_upper_1992to2000.zip,ID,ID
153,id_lower_1992to2000.zip (1.9 MB),https://thearp.org/documents/12737/id_lower_1992to2000.zip,ID,ID
154,ID_CD_2002_2010.zip (626.0 KB),https://thearp.org/documents/11022/ID_CD_2002_2010.zip,ID,ID
155,id_upper_2002to2010.zip (1.4 MB),https://thearp.org/documents/10610/id_upper_2002to2010.zip,ID,ID
156,id_lower_2002to2010.zip (1.4 MB),https://thearp.org/documents/10700/id_lower_2002to2010.zip,ID,ID
157,ID_2012to2020_CD.zip (584.8 KB),https://thearp.org/documents/5041/ID_2012to2020_CD.zip,ID,ID
158,ID_2012to2020_SU.zip (1.4 MB),https://thearp.org/documents/5128/ID_2012to2020_SU.zip,ID,ID
159,ID_2012to2020_SL.zip (1.4 MB),https://thearp.org/documents/5169/ID_2012to2020_SL.zip,ID,ID
160,ID_CD_Enacted11102021.zip (665.0 KB),https://thearp.org/documents/682/ID_CD_Enacted11102021.zip,ID,ID
161,ID_SD_Enacted11102021.zip (1.9 MB),https://thearp.org/documents/688/ID_SD_Enacted11102021.zip,ID,ID
162,ID_LD_Enacted11102021.zip (1.9 MB),https://thearp.org/documents/685/ID_LD_Enacted11102021.zip,ID,ID
163,Illinois_CD_1992_2000.zip (169.0 KB),https://thearp.org/documents/12857/Illinois_CD_1992_2000.zip,ILLINOIS,IL
164,il_upper_1992to2000.zip (1.5 MB),https://thearp.org/documents/12740/il_upper_1992to2000.zip,IL,IL
165,il_lower_1992to2000.zip (2.1 MB),https://thearp.org/documents/12739/il_lower_1992to2000.zip,IL,IL
166,IL_CD_2002_2010.zip (1.5 MB),https://thearp.org/documents/11023/IL_CD_2002_2010.zip,IL,IL
167,il_upper_2002to2010.zip (1.7 MB),https://thearp.org/documents/10611/il_upper_2002to2010.zip,IL,IL
168,il_lower_2002to2010.zip (2.2 MB),https://thearp.org/documents/10699/il_lower_2002to2010.zip,IL,IL
169,IL_2012to2020_CD.zip (1.3 MB),https://thearp.org/documents/5042/IL_2012to2020_CD.zip,IL,IL
170,IL_2012to2020_SU.zip (1.9 MB),https://thearp.org/documents/5129/IL_2012to2020_SU.zip,IL,IL
171,IL_2012to2020_SL.zip (2.6 MB),https://thearp.org/documents/5170/IL_2012to2020_SL.zip,IL,IL
172,IL_CD_Enacted11232021.zip (196.4 KB),https://thearp.org/documents/691/IL_CD_Enacted11232021.zip,IL,IL
173,Illinois_SD_20210831_Sent_0924_Q2wnnbz.zip (263.5 KB),https://thearp.org/documents/697/Illinois_SD_20210831_Sent_0924_Q2wnnbz.zip,ILLINOIS,IL
174,Illinois_HD_20210831_sent_0924_Vnk2UaK.zip (358.7 KB),https://thearp.org/documents/694/Illinois_HD_20210831_sent_0924_Vnk2UaK.zip,ILLINOIS,IL
175,Indiana_CD_1992_2000.zip (79.7 KB),https://thearp.org/documents/12858/Indiana_CD_1992_2000.zip,INDIANA,IN
176,in_upper_1992to2000.zip (1.2 MB),https://thearp.org/documents/12742/in_upper_1992to2000.zip,IN,IN
177,in_lower_1992to2000.zip (1.9 MB),https://thearp.org/documents/12741/in_lower_1992to2000.zip,IN,IN
178,IN_CD_2002_2010.zip (731.1 KB),https://thearp.org/documents/11024/IN_CD_2002_2010.zip,IN,IN
179,in_upper_2002to2010.zip (1.1 MB),https://thearp.org/documents/10612/in_upper_2002to2010.zip,IN,IN
180,in_lower_2002to2010.zip (2.1 MB),https://thearp.org/documents/10698/in_lower_2002to2010.zip,IN,IN
181,IN_2012to2020_CD.zip (521.7 KB),https://thearp.org/documents/5043/IN_2012to2020_CD.zip,IN,IN
182,IN_2012to2020_SU.zip (1.1 MB),https://thearp.org/documents/5130/IN_2012to2020_SU.zip,IN,IN
183,IN_2012to2020_SL.zip (1.7 MB),https://thearp.org/documents/5171/IN_2012to2020_SL.zip,IN,IN
184,IN_CD_Enacted10042021.zip (538.7 KB),https://thearp.org/documents/700/IN_CD_Enacted10042021.zip,IN,IN
185,IN_SD_Enacted10042021.zip (1.3 MB),https://thearp.org/documents/706/IN_SD_Enacted10042021.zip,IN,IN
186,IN_LD_Enacted10042021.zip (1.8 MB),https://thearp.org/documents/703/IN_LD_Enacted10042021.zip,IN,IN
187,iowa_cd_1992_2000.zip (58.3 KB),https://thearp.org/documents/12859/iowa_cd_1992_2000.zip,IOWA,IA
188,ia_upper_1992to2000.zip (924.3 KB),https://thearp.org/documents/12736/ia_upper_1992to2000.zip,IA,IA
189,ia_lower_1992to2000.zip (1.2 MB),https://thearp.org/documents/12735/ia_lower_1992to2000.zip,IA,IA
190,IA_CD_2002_2010.zip (512.9 KB),https://thearp.org/documents/11021/IA_CD_2002_2010.zip,IA,IA
191,ia_upper_2002to2010.zip (957.2 KB),https://thearp.org/documents/10609/ia_upper_2002to2010.zip,IA,IA
192,ia_lower_2002to2010.zip (1.2 MB),https://thearp.org/documents/10701/ia_lower_2002to2010.zip,IA,IA
193,IA_2012to2020_CD.zip (429.5 KB),https://thearp.org/documents/5040/IA_2012to2020_CD.zip,IA,IA
194,IA_2012to2020_SU.zip (1.1 MB),https://thearp.org/documents/5127/IA_2012to2020_SU.zip,IA,IA
195,IA_2012to2020_SL.zip (1.4 MB),https://thearp.org/documents/5168/IA_2012to2020_SL.zip,IA,IA
196,IA_CD_Enacted11042021.zip (506.6 KB),https://thearp.org/documents/709/IA_CD_Enacted11042021.zip,IA,IA
197,IA_SD_Enacted11042021.zip (1.3 MB),https://thearp.org/documents/715/IA_SD_Enacted11042021.zip,IA,IA
198,IA_LD_Enacted11042021.zip (1.7 MB),https://thearp.org/documents/712/IA_LD_Enacted11042021.zip,IA,IA
199,Kansas_CD_1992_2000.zip (44.1 KB),https://thearp.org/documents/12860/Kansas_CD_1992_2000.zip,KANSAS,KS
200,ks_upper_1992to2000.zip (853.6 KB),https://thearp.org/documents/12744/ks_upper_1992to2000.zip,KS,KS
201,ks_lower_1992to2000.zip (1.4 MB),https://thearp.org/documents/12743/ks_lower_1992to2000.zip,KS,KS
202,KS_CD_2002_2010.zip (396.9 KB),https://thearp.org/documents/11025/KS_CD_2002_2010.zip,KS,KS
203,ks_upper_2002to2010.zip (802.4 KB),https://thearp.org/documents/10613/ks_upper_2002to2010.zip,KS,KS
204,ks_lower_2002to2010.zip (1.3 MB),https://thearp.org/documents/10697/ks_lower_2002to2010.zip,KS,KS
205,KS_2012to2020_CD.zip (308.9 KB),https://thearp.org/documents/5044/KS_2012to2020_CD.zip,KS,KS
206,KS_2012to2020_SU.zip (885.7 KB),https://thearp.org/documents/5131/KS_2012to2020_SU.zip,KS,KS
207,KS_2012to2020_SL.zip (1.3 MB),https://thearp.org/documents/5172/KS_2012to2020_SL.zip,KS,KS
208,KS_CD_Enacted02092022.zip (453.7 KB),https://thearp.org/documents/718/KS_CD_Enacted02092022.zip,KS,KS
209,KS_SD_Enacted04152022.zip (966.8 KB),https://thearp.org/documents/724/KS_SD_Enacted04152022.zip,KS,KS
210,KS_LD_Enacted04152022.zip (1.6 MB),https://thearp.org/documents/721/KS_LD_Enacted04152022.zip,KS,KS
211,Kentucky_CD_1996_2000.zip (107.8 KB),https://thearp.org/documents/12861/Kentucky_CD_1996_2000.zip,KENTUCKY,KY
212,KY_upper_1996to2000.zip (1.3 MB),https://thearp.org/documents/12746/KY_upper_1996to2000.zip,KY,KY
213,KY_lower_1996to2000.zip (2.1 MB),https://thearp.org/documents/12745/KY_lower_1996to2000.zip,KY,KY
214,KY_CD_2002_2010.zip (811.0 KB),https://thearp.org/documents/11026/KY_CD_2002_2010.zip,KY,KY
215,ky_upper_2002to2010.zip (2.1 MB),https://thearp.org/documents/10614/ky_upper_2002to2010.zip,KY,KY
216,ky_lower_2002to2010.zip (3.7 MB),https://thearp.org/documents/10696/ky_lower_2002to2010.zip,KY,KY
217,KY_2010to2012_SU.zip (2.1 MB),https://thearp.org/documents/5132/KY_2010to2012_SU.zip,KY,KY
218,KY_2010to2012_SL.zip (3.4 MB),https://thearp.org/documents/5173/KY_2010to2012_SL.zip,KY,KY
219,KY_2012to2020_CD.zip (966.3 KB),https://thearp.org/documents/5045/KY_2012to2020_CD.zip,KY,KY
220,KY_2014to2020_SU.zip (2.0 MB),https://thearp.org/documents/5133/KY_2014to2020_SU.zip,KY,KY
221,KY_2014to2020_SL.zip (3.9 MB),https://thearp.org/documents/5174/KY_2014to2020_SL.zip,KY,KY
222,KY_CD_Enacted01202022.zip (1.1 MB),https://thearp.org/documents/727/KY_CD_Enacted01202022.zip,KY,KY
223,KY_SD_Enacted01212022.zip (2.4 MB),https://thearp.org/documents/733/KY_SD_Enacted01212022.zip,KY,KY
224,KY_LD_Enacted01202022.zip (3.8 MB),https://thearp.org/documents/730/KY_LD_Enacted01202022.zip,KY,KY
225,LA_CD_1992.zip (233.2 KB),https://thearp.org/documents/12994/LA_CD_1992.zip,LA,LA
226,la_upper_1992to2000.zip (2.0 MB),https://thearp.org/documents/12748/la_upper_1992to2000.zip,LA,LA
227,LA_LD_1992-2000.zip (1.7 MB),https://thearp.org/documents/12747/LA_LD_1992-2000.zip,LA,LA
228,LA_CD_1994.zip (144.8 KB),https://thearp.org/documents/12995/LA_CD_1994.zip,LA,LA
229,Louisiana_CD_1996_2000.zip (96.9 KB),https://thearp.org/documents/12862/Louisiana_CD_1996_2000.zip,LOUISIANA,LA
230,la_upper_2001to2003.zip (972.0 KB),https://thearp.org/documents/10615/la_upper_2001to2003.zip,LA,LA
231,LA_lower_2001to2003.zip (1.6 MB),https://thearp.org/documents/10695/LA_lower_2001to2003.zip,LA,LA
232,LA_CD_2002_2010.zip (840.4 KB),https://thearp.org/documents/11027/LA_CD_2002_2010.zip,LA,LA
233,la_upper_2003to2010.zip (2.1 MB),https://thearp.org/documents/10616/la_upper_2003to2010.zip,LA,LA
234,LA_lower_2003.zip (1.9 MB),https://thearp.org/documents/10694/LA_lower_2003.zip,LA,LA
235,la_lower_2004_2010.zip (3.5 MB),https://thearp.org/documents/10693/la_lower_2004_2010.zip,LA,LA
236,LA_2012to2020_CD.zip (1.3 MB),https://thearp.org/documents/5046/LA_2012to2020_CD.zip,LA,LA
237,LA_2012to2020_SU.zip (5.2 MB),https://thearp.org/documents/5134/LA_2012to2020_SU.zip,LA,LA
238,LA_2012to2020_SL.zip (6.0 MB),https://thearp.org/documents/5175/LA_2012to2020_SL.zip,LA,LA
239,LA_CD_Enacted03302022.zip (1.3 MB),https://thearp.org/documents/736/LA_CD_Enacted03302022.zip,LA,LA
240,LA_SD_Enacted03092022.zip (3.3 MB),https://thearp.org/documents/742/LA_SD_Enacted03092022.zip,LA,LA
241,LA_LD_Enacted03092022.zip (3.6 MB),https://thearp.org/documents/739/LA_LD_Enacted03092022.zip,LA,LA
242,LA_CD_Enacted_01232024.zip (1.5 MB),https://thearp.org/documents/15506/LA_CD_Enacted_01232024.zip,LA,LA
243,la_cd_enacted05292026.zip (275.7 KB),https://thearp.org/documents/20152/la_cd_enacted05292026.zip,LA,LA
244,ME_SLU_1992.zip (1.6 MB),https://thearp.org/documents/12756/ME_SLU_1992.zip,ME,ME
245,ME_SLL_1992.zip (2.5 MB),https://thearp.org/documents/12754/ME_SLL_1992.zip,ME,ME
246,Maine_CD_1994_2000.zip (48.8 KB),https://thearp.org/documents/12863/Maine_CD_1994_2000.zip,MAINE,ME
247,ME_upper_1994to2000.zip (1.7 MB),https://thearp.org/documents/12759/ME_upper_1994to2000.zip,ME,ME
248,ME_SLL_1994-2002.zip (2.6 MB),https://thearp.org/documents/12755/ME_SLL_1994-2002.zip,ME,ME
249,ME_CD_2002.zip (454.0 KB),https://thearp.org/documents/11030/ME_CD_2002.zip,ME,ME
250,me_upper_2003to2011.zip (1.9 MB),https://thearp.org/documents/10619/me_upper_2003to2011.zip,ME,ME
251,me_lower_2003_2011.zip (2.3 MB),https://thearp.org/documents/10689/me_lower_2003_2011.zip,ME,ME
252,ME_CD_2004_2010.zip (473.1 KB),https://thearp.org/documents/11031/ME_CD_2004_2010.zip,ME,ME
253,ME_2012to2020_CD.zip (466.1 KB),https://thearp.org/documents/5049/ME_2012to2020_CD.zip,ME,ME
254,ME_2012_SU.zip (6.1 MB),https://thearp.org/documents/5137/ME_2012_SU.zip,ME,ME
255,ME_2012_SL.zip (6.9 MB),https://thearp.org/documents/5178/ME_2012_SL.zip,ME,ME
256,ME_2014to2020_SU.zip (2.8 MB),https://thearp.org/documents/5138/ME_2014to2020_SU.zip,ME,ME
257,ME_2014to2020_SL.zip (3.7 MB),https://thearp.org/documents/5179/ME_2014to2020_SL.zip,ME,ME
258,ME_CD_Enacted2021_OASIiQR.zip (72.6 KB),https://thearp.org/documents/745/ME_CD_Enacted2021_OASIiQR.zip,ME,ME
259,ME_Upper_Enacted09292021_DWAqdIP.zip (1.6 MB),https://thearp.org/documents/752/ME_Upper_Enacted09292021_DWAqdIP.zip,ME,ME
260,ME_LD_Enacted_Technical_Changes.zip (2.6 MB),https://thearp.org/documents/12516/ME_LD_Enacted_Technical_Changes.zip,ME,ME
261,Maryland_CD_1992_2000.zip (83.6 KB),https://thearp.org/documents/12864/Maryland_CD_1992_2000.zip,MARYLAND,MD
262,MD_Upper_1992thru2000.zip (2.9 MB),https://thearp.org/documents/12751/MD_Upper_1992thru2000.zip,MD,MD
263,MD_Lower_1992thru2000.zip (3.1 MB),https://thearp.org/documents/12750/MD_Lower_1992thru2000.zip,MD,MD
264,MD_CD_2002_2010.zip (6.7 MB),https://thearp.org/documents/11029/MD_CD_2002_2010.zip,MD,MD
265,md_upper_2002to2010.zip (11.5 MB),https://thearp.org/documents/10618/md_upper_2002to2010.zip,MD,MD
266,md_lower_2002to2010.zip (12.0 MB),https://thearp.org/documents/10690/md_lower_2002to2010.zip,MD,MD
267,MD_2012to2020_CD.zip (1.3 MB),https://thearp.org/documents/5048/MD_2012to2020_CD.zip,MD,MD
268,MD_2012to2020_SU.zip (5.0 MB),https://thearp.org/documents/5136/MD_2012to2020_SU.zip,MD,MD
269,MD_2012to2020_SL.zip (5.5 MB),https://thearp.org/documents/5177/MD_2012to2020_SL.zip,MD,MD
270,MD_CD_Enacted04042022.zip (807.7 KB),https://thearp.org/documents/755/MD_CD_Enacted04042022.zip,MD,MD
271,MD_SD_Enacted_01272022.zip (1.8 MB),https://thearp.org/documents/761/MD_SD_Enacted_01272022.zip,MD,MD
272,MD_LD_Enacted_01272022.zip (2.4 MB),https://thearp.org/documents/758/MD_LD_Enacted_01272022.zip,MD,MD
273,Massachusetts_CD_1992_2000.zip (66.7 KB),https://thearp.org/documents/12865/Massachusetts_CD_1992_2000.zip,MASSACHUSETTS,MA
274,ma_upper_1992to2000.zip (744.6 KB),https://thearp.org/documents/12749/ma_upper_1992to2000.zip,MA,MA
275,ma_lower_1994to2000.zip (1.4 MB),https://thearp.org/documents/12804/ma_lower_1994to2000.zip,MA,MA
276,MA_CD_2002_2010.zip (483.6 KB),https://thearp.org/documents/11028/MA_CD_2002_2010.zip,MA,MA
277,ma_upper_2002to2010.zip (3.2 MB),https://thearp.org/documents/10617/ma_upper_2002to2010.zip,MA,MA
278,ma_lower_2002.zip (893.9 KB),https://thearp.org/documents/10692/ma_lower_2002.zip,MA,MA
279,ma_lower_2004to2010.zip (3.8 MB),https://thearp.org/documents/10691/ma_lower_2004to2010.zip,MA,MA
280,MA_2012to2020_CD.zip (486.1 KB),https://thearp.org/documents/5047/MA_2012to2020_CD.zip,MA,MA
281,MA_2012to2020_SU.zip (1.5 MB),https://thearp.org/documents/5135/MA_2012to2020_SU.zip,MA,MA
282,MA_2012to2020_SL.zip (2.1 MB),https://thearp.org/documents/5176/MA_2012to2020_SL.zip,MA,MA
283,MA_CD_Enacted11222021_clip.zip (1.0 MB),https://thearp.org/documents/764/MA_CD_Enacted11222021_clip.zip,MA,MA
284,MA_SD_Enacted11052021.zip (1.5 MB),https://thearp.org/documents/770/MA_SD_Enacted11052021.zip,MA,MA
285,MA_LD_Enacted11042021_Final.zip (2.3 MB),https://thearp.org/documents/767/MA_LD_Enacted11042021_Final.zip,MA,MA
286,Michigan_CD_1992_2000.shp.zip (125.1 KB),https://thearp.org/documents/12866/Michigan_CD_1992_2000.shp.zip,MICHIGAN,MI
287,mi_upper_1992to2000.zip (548.2 KB),https://thearp.org/documents/12761/mi_upper_1992to2000.zip,MI,MI
288,mi_lower_1992to2000.zip (824.9 KB),https://thearp.org/documents/12760/mi_lower_1992to2000.zip,MI,MI
289,MI_CD_2002_2010.zip (796.2 KB),https://thearp.org/documents/11032/MI_CD_2002_2010.zip,MI,MI
290,mi_upper_2002to2010.zip (601.1 KB),https://thearp.org/documents/10620/mi_upper_2002to2010.zip,MI,MI
291,mi_lower_2002to2010.zip (957.0 KB),https://thearp.org/documents/10688/mi_lower_2002to2010.zip,MI,MI
292,MI_2012to2020_CD.zip (654.7 KB),https://thearp.org/documents/5050/MI_2012to2020_CD.zip,MI,MI
293,MI_2012to2020_SU.zip (2.1 MB),https://thearp.org/documents/5139/MI_2012to2020_SU.zip,MI,MI
294,MI_2012to2020_SL.zip (2.6 MB),https://thearp.org/documents/5180/MI_2012to2020_SL.zip,MI,MI
295,MI_CD_Enacted02262022.zip (414.6 KB),https://thearp.org/documents/17597/MI_CD_Enacted02262022.zip,MI,MI
296,MI_SD_Enacted02262022.zip (676.5 KB),https://thearp.org/documents/494/MI_SD_Enacted02262022.zip,MI,MI
297,MI_LD_Enacted02262022.zip (1.0 MB),https://thearp.org/documents/491/MI_LD_Enacted02262022.zip,MI,MI
298,mi_sd_2024_Remedial.zip (659.3 KB),https://thearp.org/documents/16772/mi_sd_2024_Remedial.zip,MI,MI
299,MI_HD_Remedial_03282024.zip (1.0 MB),https://thearp.org/documents/16102/MI_HD_Remedial_03282024.zip,MI,MI
300,MN_Upper_1992to2000.zip (1.8 MB),https://thearp.org/documents/12763/MN_Upper_1992to2000.zip,MN,MN
301,Minnesota_CD_1994_2000.zip (108.8 KB),https://thearp.org/documents/12867/Minnesota_CD_1994_2000.zip,MINNESOTA,MN
302,MN_CD_2002_2010.zip (882.3 KB),https://thearp.org/documents/11033/MN_CD_2002_2010.zip,MN,MN
303,mn_upper_2002to2010.zip (1.5 MB),https://thearp.org/documents/10621/mn_upper_2002to2010.zip,MN,MN
304,mn_lower_2002to2010.zip (1.9 MB),https://thearp.org/documents/10687/mn_lower_2002to2010.zip,MN,MN
305,MN_2012to2020_CD.zip (836.1 KB),https://thearp.org/documents/5051/MN_2012to2020_CD.zip,MN,MN
306,MN_2012to2020_SU.zip (1.7 MB),https://thearp.org/documents/5140/MN_2012to2020_SU.zip,MN,MN
307,MN_2012to2020_SL.zip (2.2 MB),https://thearp.org/documents/5181/MN_2012to2020_SL.zip,MN,MN
308,MN_CD_Enacted_06022022_Technical_Changes.zip (950.3 KB),https://thearp.org/documents/773/MN_CD_Enacted_06022022_Technical_Changes.zip,MN,MN
309,MN_SD_Enacted_06022022_Technical_Changes.zip (1.9 MB),https://thearp.org/documents/779/MN_SD_Enacted_06022022_Technical_Changes.zip,MN,MN
310,MN_LD_Enacted_06022022_Technical_Changes.zip (2.4 MB),https://thearp.org/documents/776/MN_LD_Enacted_06022022_Technical_Changes.zip,MN,MN
311,MN_SD_Enacted05242023.zip (1.9 MB),https://thearp.org/documents/13430/MN_SD_Enacted05242023.zip,MN,MN
312,MN_LD_Enacted05242023_kidEV60.zip (2.4 MB),https://thearp.org/documents/13429/MN_LD_Enacted05242023_kidEV60.zip,MN,MN
313,Mississippi_CD_1992_2000.zip (87.1 KB),https://thearp.org/documents/12868/Mississippi_CD_1992_2000.zip,MISSISSIPPI,MS
314,MS_SD_1992-2000.zip (816.7 KB),https://thearp.org/documents/12768/MS_SD_1992-2000.zip,MS,MS
315,MS_LD_1992-2000.zip (1.4 MB),https://thearp.org/documents/12766/MS_LD_1992-2000.zip,MS,MS
316,MS_CD_2002_2010.zip (902.4 KB),https://thearp.org/documents/11035/MS_CD_2002_2010.zip,MS,MS
317,ms_upper_2002to2010.zip (1.4 MB),https://thearp.org/documents/10623/ms_upper_2002to2010.zip,MS,MS
318,ms_lower_2002_2010.zip (2.6 MB),https://thearp.org/documents/10685/ms_lower_2002_2010.zip,MS,MS
319,MS_2010to2011_SU.zip (3.2 MB),https://thearp.org/documents/5142/MS_2010to2011_SU.zip,MS,MS
320,MS_2010to2011_SL.zip (6.3 MB),https://thearp.org/documents/5183/MS_2010to2011_SL.zip,MS,MS
321,MS_2012to2020_CD.zip (646.9 KB),https://thearp.org/documents/5053/MS_2012to2020_CD.zip,MS,MS
322,MS_2012to2020_SU.zip (3.0 MB),https://thearp.org/documents/5143/MS_2012to2020_SU.zip,MS,MS
323,MS_2012to2020_SL.zip (4.5 MB),https://thearp.org/documents/5184/MS_2012to2020_SL.zip,MS,MS
324,MS_CD_01242022_Enacted.zip (719.0 KB),https://thearp.org/documents/782/MS_CD_01242022_Enacted.zip,MS,MS
325,MS_SD_Enacted03312022.zip (3.1 MB),https://thearp.org/documents/788/MS_SD_Enacted03312022.zip,MS,MS
326,MS_LD_Enacted03312022.zip (4.7 MB),https://thearp.org/documents/785/MS_LD_Enacted03312022.zip,MS,MS
327,ms_sd_courtapproved05072025.zip (3.1 MB),https://thearp.org/documents/18292/ms_sd_courtapproved05072025.zip,MS,MS
328,MS_LD_Enacted05072025.zip (4.8 MB),https://thearp.org/documents/18291/MS_LD_Enacted05072025.zip,MS,MS
329,Missouri_CD_1992_2000.zip (109.6 KB),https://thearp.org/documents/12869/Missouri_CD_1992_2000.zip,MISSOURI,MO
330,mo_upper_1992to2000.zip (1.3 MB),https://thearp.org/documents/12765/mo_upper_1992to2000.zip,MO,MO
331,mo_lower_1992to2000.zip (2.8 MB),https://thearp.org/documents/12764/mo_lower_1992to2000.zip,MO,MO
332,MO_CD_2002_2010.zip (821.7 KB),https://thearp.org/documents/11034/MO_CD_2002_2010.zip,MO,MO
333,mo_upper_2002to2010.zip (1.3 MB),https://thearp.org/documents/10622/mo_upper_2002to2010.zip,MO,MO
334,mo_lower_2002to2010.zip (2.9 MB),https://thearp.org/documents/10686/mo_lower_2002to2010.zip,MO,MO
335,MO_2012to2020_CD.zip (859.6 KB),https://thearp.org/documents/5052/MO_2012to2020_CD.zip,MO,MO
336,MO_2012to2020_SU.zip (1.3 MB),https://thearp.org/documents/5141/MO_2012to2020_SU.zip,MO,MO
337,MO_2012to2020_SL.zip (2.9 MB),https://thearp.org/documents/5182/MO_2012to2020_SL.zip,MO,MO
338,MO_CD_Enacted05182022.zip (775.3 KB),https://thearp.org/documents/791/MO_CD_Enacted05182022.zip,MO,MO
339,MO_SD_Enacted03152022.zip (1.3 MB),https://thearp.org/documents/797/MO_SD_Enacted03152022.zip,MO,MO
340,MO_LD_Enacted01192022.zip (3.3 MB),https://thearp.org/documents/794/MO_LD_Enacted01192022.zip,MO,MO
341,MO_CD_MO_2025.zip (737.4 KB),https://thearp.org/documents/18733/MO_CD_MO_2025.zip,MO,MO
342,Montana_CD_1992_2000.zip (17.7 KB),https://thearp.org/documents/12870/Montana_CD_1992_2000.zip,MONTANA,MT
343,mt_upper_2003_2013.shp.zip (1.0 MB),https://thearp.org/documents/10624/mt_upper_2003_2013.shp.zip,MT,MT
344,mt_lower_2003_2013.zip (1.0 MB),https://thearp.org/documents/10684/mt_lower_2003_2013.zip,MT,MT
345,MT_2012to2020_CD.zip (202.2 KB),https://thearp.org/documents/5054/MT_2012to2020_CD.zip,MT,MT
346,MT_2012_SU.zip (2.8 MB),https://thearp.org/documents/5144/MT_2012_SU.zip,MT,MT
347,MT_2012_SL.zip (3.6 MB),https://thearp.org/documents/5185/MT_2012_SL.zip,MT,MT
348,MT_2014to2020_SU.zip (2.8 MB),https://thearp.org/documents/5145/MT_2014to2020_SU.zip,MT,MT
349,MT_2014to2020_SL.zip (3.6 MB),https://thearp.org/documents/5186/MT_2014to2020_SL.zip,MT,MT
350,MT_CP12_110122021.zip (658.4 KB),https://thearp.org/documents/800/MT_CP12_110122021.zip,MT,MT
351,MT_SD_Enacted02232023_Technical_Changes.zip (3.0 MB),https://thearp.org/documents/806/MT_SD_Enacted02232023_Technical_Changes.zip,MT,MT
352,MT_LD_Enacted02232023_Technical_Changes.zip (3.7 MB),https://thearp.org/documents/803/MT_LD_Enacted02232023_Technical_Changes.zip,MT,MT
353,Nebraska_CD_1992_2000.zip (43.2 KB),https://thearp.org/documents/12871/Nebraska_CD_1992_2000.zip,NEBRASKA,NE
354,ne_upper_1992to2000.zip (844.4 KB),https://thearp.org/documents/12773/ne_upper_1992to2000.zip,NE,NE
355,NE_CD_2002_2010.zip (298.5 KB),https://thearp.org/documents/10992/NE_CD_2002_2010.zip,NE,NE
356,ne_upper_2002to2010.zip (829.8 KB),https://thearp.org/documents/10628/ne_upper_2002to2010.zip,NE,NE
357,NE_2012to2020_CD.zip (264.3 KB),https://thearp.org/documents/5059/NE_2012to2020_CD.zip,NE,NE
358,NE_2012to2020_SU.zip (834.9 KB),https://thearp.org/documents/5150/NE_2012to2020_SU.zip,NE,NE
359,NE_Congress_Enacted_09302021_gADfJ09.zip (358.2 KB),https://thearp.org/documents/809/NE_Congress_Enacted_09302021_gADfJ09.zip,NE,NE
360,NE_Upper_Enacted_09302021_GBquMi7.zip (901.4 KB),https://thearp.org/documents/814/NE_Upper_Enacted_09302021_GBquMi7.zip,NE,NE
361,Nevada_CD_1992_2000.zip (18.3 KB),https://thearp.org/documents/12872/Nevada_CD_1992_2000.zip,NEVADA,NV
362,nv_upper_1992to2000_revised.zip (580.0 KB),https://thearp.org/documents/12780/nv_upper_1992to2000_revised.zip,NV,NV
363,nv_lower_1992to2000.zip (976.8 KB),https://thearp.org/documents/12779/nv_lower_1992to2000.zip,NV,NV
364,NV_CD_2002_2010.zip (319.5 KB),https://thearp.org/documents/10996/NV_CD_2002_2010.zip,NV,NV
365,nv_upper_2002to2010.zip (648.4 KB),https://thearp.org/documents/10633/nv_upper_2002to2010.zip,NV,NV
366,nv_lower_2002to2010.zip (875.0 KB),https://thearp.org/documents/10675/nv_lower_2002to2010.zip,NV,NV
367,NV_2012to2020_CD.zip (258.5 KB),https://thearp.org/documents/5063/NV_2012to2020_CD.zip,NV,NV
368,NV_2012to2020_SU.zip (576.3 KB),https://thearp.org/documents/5092/NV_2012to2020_SU.zip,NV,NV
369,NV_2012to2020_SL.zip (775.3 KB),https://thearp.org/documents/5194/NV_2012to2020_SL.zip,NV,NV
370,NV_CD_Amended_Enacted11162021.zip (338.9 KB),https://thearp.org/documents/817/NV_CD_Amended_Enacted11162021.zip,NV,NV
371,NV_SD_Amended_Enacted11162021.zip (638.7 KB),https://thearp.org/documents/823/NV_SD_Amended_Enacted11162021.zip,NV,NV
372,NV_LD_Amended_Enacted11162021.zip (851.5 KB),https://thearp.org/documents/820/NV_LD_Amended_Enacted11162021.zip,NV,NV
373,New_Hampshire_CD_1992_2000.zip (33.9 KB),https://thearp.org/documents/12873/New_Hampshire_CD_1992_2000.zip,NEW,NEW
374,nh_upper_1992to2000.zip (270.3 KB),https://thearp.org/documents/12774/nh_upper_1992to2000.zip,NH,NH
375,NH_CD_2002_2010.zip (233.9 KB),https://thearp.org/documents/10993/NH_CD_2002_2010.zip,NH,NH
376,nh_upper_2002.zip (158.8 KB),https://thearp.org/documents/10629/nh_upper_2002.zip,NH,NH
377,NH_lower_2002.zip (222.0 KB),https://thearp.org/documents/10679/NH_lower_2002.zip,NH,NH
378,nh_upper_2004to2010.zip (302.6 KB),https://thearp.org/documents/10630/nh_upper_2004to2010.zip,NH,NH
379,nh_lower_2004to2010.zip (431.7 KB),https://thearp.org/documents/10678/nh_lower_2004to2010.zip,NH,NH
380,NH_2012to2020_CD.zip (236.8 KB),https://thearp.org/documents/5060/NH_2012to2020_CD.zip,NH,NH
381,NH_2012to2020_SU.zip (594.2 KB),https://thearp.org/documents/5089/NH_2012to2020_SU.zip,NH,NH
382,NH_2012to2020_SL.zip (956.7 KB),https://thearp.org/documents/5191/NH_2012to2020_SL.zip,NH,NH
383,NH_CD_Enacted05312022.zip (322.1 KB),https://thearp.org/documents/826/NH_CD_Enacted05312022.zip,NH,NH
384,NH_SD_Enacted05062022.zip (603.5 KB),https://thearp.org/documents/832/NH_SD_Enacted05062022.zip,NH,NH
385,NH_LD_Regular_Enacted03232022_NE3Ymrn.zip (1019.3 KB),https://thearp.org/documents/829/NH_LD_Regular_Enacted03232022_NE3Ymrn.zip,NH,NH
386,NH_LD_Floterial_Enacted03232022_doxuB8L.zip (443.3 KB),https://thearp.org/documents/1024/NH_LD_Floterial_Enacted03232022_doxuB8L.zip,NH,NH
387,nj_upper_1992to2000.zip (1.0 MB),https://thearp.org/documents/12776/nj_upper_1992to2000.zip,NJ,NJ
388,nj_lower_1992to2000.zip (1.0 MB),https://thearp.org/documents/12775/nj_lower_1992to2000.zip,NJ,NJ
389,New_Jersey_CD_1998_2000.zip (92.9 KB),https://thearp.org/documents/12874/New_Jersey_CD_1998_2000.zip,NEW,NJ
390,nj_lower_2001to2011.zip (1.1 MB),https://thearp.org/documents/10677/nj_lower_2001to2011.zip,NJ,NJ
391,NJ_CD_2002_2010.zip (954.1 KB),https://thearp.org/documents/10994/NJ_CD_2002_2010.zip,NJ,NJ
392,nj_upper_2002to2010.zip (1.1 MB),https://thearp.org/documents/10631/nj_upper_2002to2010.zip,NJ,NJ
393,NJ_2011to2020_SU.zip (2.1 MB),https://thearp.org/documents/5090/NJ_2011to2020_SU.zip,NJ,NJ
394,NJ_2011to2020_SL.zip (2.1 MB),https://thearp.org/documents/5192/NJ_2011to2020_SL.zip,NJ,NJ
395,NJ_2012to2020_CD.zip (702.4 KB),https://thearp.org/documents/5061/NJ_2012to2020_CD.zip,NJ,NJ
396,NJ_CD_Enacted01062022.zip (920.4 KB),https://thearp.org/documents/835/NJ_CD_Enacted01062022.zip,NJ,NJ
397,NJ_SD_Enacted02232022.zip (1.9 MB),https://thearp.org/documents/841/NJ_SD_Enacted02232022.zip,NJ,NJ
398,NJ_LD_Enacted02232022.zip (1.9 MB),https://thearp.org/documents/838/NJ_LD_Enacted02232022.zip,NJ,NJ
399,New_Mexico_CD_1992_2000.zip (28.3 KB),https://thearp.org/documents/12875/New_Mexico_CD_1992_2000.zip,NEW,NM
400,nm_upper_1992to2000.zip (2.1 MB),https://thearp.org/documents/12778/nm_upper_1992to2000.zip,NM,NM
401,nm_lower_1992to2000.zip (2.5 MB),https://thearp.org/documents/12777/nm_lower_1992to2000.zip,NM,NM
402,NM_CD_2002_2010.zip (353.6 KB),https://thearp.org/documents/10995/NM_CD_2002_2010.zip,NM,NM
403,nm_upper_2002to2010.zip (2.2 MB),https://thearp.org/documents/10632/nm_upper_2002to2010.zip,NM,NM
404,nm_lower_2002to2010.zip (2.9 MB),https://thearp.org/documents/10676/nm_lower_2002to2010.zip,NM,NM
405,NM_2012to2020_CD.zip (301.5 KB),https://thearp.org/documents/5062/NM_2012to2020_CD.zip,NM,NM
406,NM_2012to2020_SU.zip (2.4 MB),https://thearp.org/documents/5091/NM_2012to2020_SU.zip,NM,NM
407,NM_2012to2020_SL.zip (3.2 MB),https://thearp.org/documents/5193/NM_2012to2020_SL.zip,NM,NM
408,NM_CD_enacted_12172021.zip (397.1 KB),https://thearp.org/documents/844/NM_CD_enacted_12172021.zip,NM,NM
409,NM_SD_Enacted01062022_5fwsHFT.zip (2.5 MB),https://thearp.org/documents/850/NM_SD_Enacted01062022_5fwsHFT.zip,NM,NM
410,NM_LD_Enacted12292021.zip (3.0 MB),https://thearp.org/documents/847/NM_LD_Enacted12292021.zip,NM,NM
411,ny_upper_1992to2000.zip (1.1 MB),https://thearp.org/documents/12782/ny_upper_1992to2000.zip,NY,NY
412,ny_lower_1992to2000.zip (1.7 MB),https://thearp.org/documents/12781/ny_lower_1992to2000.zip,NY,NY
413,New_York_CD_1998_2000.zip (190.7 KB),https://thearp.org/documents/12876/New_York_CD_1998_2000.zip,NEW,NY
414,NY_CD_2002_2010.zip (1.0 MB),https://thearp.org/documents/10997/NY_CD_2002_2010.zip,NY,NY
415,ny_upper_2002to2010.zip (1.2 MB),https://thearp.org/documents/10634/ny_upper_2002to2010.zip,NY,NY
416,ny_lower_2002to2010.zip (1.6 MB),https://thearp.org/documents/10674/ny_lower_2002to2010.zip,NY,NY
417,NY_2012to2020_CD.zip (800.9 KB),https://thearp.org/documents/5064/NY_2012to2020_CD.zip,NY,NY
418,NY_2012to2020_SU.zip (1.9 MB),https://thearp.org/documents/5093/NY_2012to2020_SU.zip,NY,NY
419,NY_2012to2020_SL.zip (2.3 MB),https://thearp.org/documents/5195/NY_2012to2020_SL.zip,NY,NY
420,NY_CD_06022022__tech_changes_FINAL_FElIzKn.zip (826.2 KB),https://thearp.org/documents/853/NY_CD_06022022__tech_changes_FINAL_FElIzKn.zip,NY,NY
421,NY_SD_06022022_Tech_Changes_FINAL_vht8mpb.zip (1.2 MB),https://thearp.org/documents/859/NY_SD_06022022_Tech_Changes_FINAL_vht8mpb.zip,NY,NY
422,NY_AD_02032022_Enacted02032022.zip (1.9 MB),https://thearp.org/documents/12608/NY_AD_02032022_Enacted02032022.zip,NY,NY
423,NY_CD_Enacted02282024.zip (852.1 KB),https://thearp.org/documents/15853/NY_CD_Enacted02282024.zip,NY,NY
424,NY_AD_Enacted_04242023.zip (1.8 MB),https://thearp.org/documents/13174/NY_AD_Enacted_04242023.zip,NY,NY
425,NC_CD_1992_1996shp.zip (332.2 KB),https://thearp.org/documents/12997/NC_CD_1992_1996shp.zip,NC,NC
426,nc_upper_1992to2000.zip (1.9 MB),https://thearp.org/documents/12770/nc_upper_1992to2000.zip,NC,NC
427,nc_lower_1992to2000.zip (2.6 MB),https://thearp.org/documents/12769/nc_lower_1992to2000.zip,NC,NC
428,NC_CD_1998.zip (123.0 KB),https://thearp.org/documents/12998/NC_CD_1998.zip,NC,NC
429,North_Carolina_CD_2000.zip (187.0 KB),https://thearp.org/documents/12877/North_Carolina_CD_2000.zip,NORTH,NORTH
430,NC_CD_2002_2010.zip (2.8 MB),https://thearp.org/documents/10991/NC_CD_2002_2010.zip,NC,NC
431,nc_upper_2002.zip (1.3 MB),https://thearp.org/documents/10625/nc_upper_2002.zip,NC,NC
432,nc_lower_2002.zip (2.5 MB),https://thearp.org/documents/10683/nc_lower_2002.zip,NC,NC
433,NC_upper_2004to2010.zip (1.2 MB),https://thearp.org/documents/10626/NC_upper_2004to2010.zip,NC,NC
434,nc_lower_2004to2008.zip (2.3 MB),https://thearp.org/documents/10682/nc_lower_2004to2008.zip,NC,NC
435,nc_lower_2010.zip (2.3 MB),https://thearp.org/documents/10681/nc_lower_2010.zip,NC,NC
436,NC_2012to2014_CD.zip (2.6 MB),https://thearp.org/documents/5055/NC_2012to2014_CD.zip,NC,NC
437,NC_2012to2016_SU.zip (3.2 MB),https://thearp.org/documents/5146/NC_2012to2016_SU.zip,NC,NC
438,NC_2012to2016_SL.zip (5.5 MB),https://thearp.org/documents/5187/NC_2012to2016_SL.zip,NC,NC
439,NC_2016to2018_CD.zip (1.4 MB),https://thearp.org/documents/5056/NC_2016to2018_CD.zip,NC,NC
440,NC_2018_SU.zip (3.4 MB),https://thearp.org/documents/5147/NC_2018_SU.zip,NC,NC
441,NC_2018_SL.zip (5.3 MB),https://thearp.org/documents/5188/NC_2018_SL.zip,NC,NC
442,NC_2020_CD.zip (1.5 MB),https://thearp.org/documents/5057/NC_2020_CD.zip,NC,NC
443,NC_2020_SU.zip (2.6 MB),https://thearp.org/documents/5148/NC_2020_SU.zip,NC,NC
444,NC_2020_SL.zip (4.7 MB),https://thearp.org/documents/5189/NC_2020_SL.zip,NC,NC
445,NC_CD_Enacted02232022.zip (2.0 MB),https://thearp.org/documents/557/NC_CD_Enacted02232022.zip,NC,NC
446,NC_SD_Enacted02232022.zip (3.8 MB),https://thearp.org/documents/561/NC_SD_Enacted02232022.zip,NC,NC
447,NC_LD_Enacted02232022.zip (5.3 MB),https://thearp.org/documents/559/NC_LD_Enacted02232022.zip,NC,NC
448,NC_CD_Enacted10252023.zip (2.4 MB),https://thearp.org/documents/14494/NC_CD_Enacted10252023.zip,NC,NC
449,NC_SD_Enacted10252023.zip (4.1 MB),https://thearp.org/documents/14500/NC_SD_Enacted10252023.zip,NC,NC
450,NC_LD_Enacted10252023.zip (5.6 MB),https://thearp.org/documents/14497/NC_LD_Enacted10252023.zip,NC,NC
451,nc_cd_2025.zip (2.4 MB),https://thearp.org/documents/18957/nc_cd_2025.zip,NC,NC
452,North_Dakota_CD_1992_2000.zip (27.0 KB),https://thearp.org/documents/12878/North_Dakota_CD_1992_2000.zip,NORTH,ND
453,nd_upper_1992to2000.zip (947.0 KB),https://thearp.org/documents/12772/nd_upper_1992to2000.zip,ND,ND
454,nd_lower_1992to2000.zip (950.4 KB),https://thearp.org/documents/12771/nd_lower_1992to2000.zip,ND,ND
455,nd_upper_2002to2010.zip (982.5 KB),https://thearp.org/documents/10627/nd_upper_2002to2010.zip,ND,ND
456,nd_lower_2002_2010.zip (981.7 KB),https://thearp.org/documents/10680/nd_lower_2002_2010.zip,ND,ND
457,ND_2012to2020_CD.zip (361.0 KB),https://thearp.org/documents/5058/ND_2012to2020_CD.zip,ND,ND
458,ND_2012to2020_SU.zip (1009.5 KB),https://thearp.org/documents/5149/ND_2012to2020_SU.zip,ND,ND
459,ND_2012to2020_SL.zip (1009.4 KB),https://thearp.org/documents/5190/ND_2012to2020_SL.zip,ND,ND
460,ND_US_Cong_2018.zip (359.2 KB),https://thearp.org/documents/862/ND_US_Cong_2018.zip,ND,ND
461,ND_SD_11122021.zip (1.1 MB),https://thearp.org/documents/868/ND_SD_11122021.zip,ND,ND
462,ND_LD_11122021.zip (1.2 MB),https://thearp.org/documents/865/ND_LD_11122021.zip,ND,ND
463,ND_SD_Enated01082024.zip (1.2 MB),https://thearp.org/documents/17377/ND_SD_Enated01082024.zip,ND,ND
464,ND_LD_Enated01082024.zip (1.2 MB),https://thearp.org/documents/17378/ND_LD_Enated01082024.zip,ND,ND
465,oh_upper_1992to2000.zip (1.0 MB),https://thearp.org/documents/12784/oh_upper_1992to2000.zip,OH,OH
466,Ohio_CD_1996_2000.zip (137.9 KB),https://thearp.org/documents/12879/Ohio_CD_1996_2000.zip,OHIO,OH
467,oh_lower_1996to2000.zip (1.7 MB),https://thearp.org/documents/12783/oh_lower_1996to2000.zip,OH,OH
468,OH_CD_2002_2010.zip (1.1 MB),https://thearp.org/documents/10998/OH_CD_2002_2010.zip,OH,OH
469,oh_upper_2002to2010.zip (1.3 MB),https://thearp.org/documents/10635/oh_upper_2002to2010.zip,OH,OH
470,oh_lower_2002to2010.zip (1.9 MB),https://thearp.org/documents/10673/oh_lower_2002to2010.zip,OH,OH
471,OH_2012to2020_CD.zip (1.1 MB),https://thearp.org/documents/5065/OH_2012to2020_CD.zip,OH,OH
472,OH_2012to2020_SU.zip (1.3 MB),https://thearp.org/documents/5094/OH_2012to2020_SU.zip,OH,OH
473,OH_2012to2020_SL.zip (2.0 MB),https://thearp.org/documents/5196/OH_2012to2020_SL.zip,OH,OH
474,OH_CD_Enacted03022022.zip (938.0 KB),https://thearp.org/documents/871/OH_CD_Enacted03022022.zip,OH,OH
475,OH_SD_Enacted05252022.zip (1.3 MB),https://thearp.org/documents/14413/OH_SD_Enacted05252022.zip,OH,OH
476,OH_LD_Enacted05252022.zip (2.1 MB),https://thearp.org/documents/14412/OH_LD_Enacted05252022.zip,OH,OH
477,OH_SD_Enacted09292023.zip (1.3 MB),https://thearp.org/documents/5714/OH_SD_Enacted09292023.zip,OH,OH
478,OH_LD_Enacted09292023.zip (2.2 MB),https://thearp.org/documents/5711/OH_LD_Enacted09292023.zip,OH,OH
479,OH_CD_10302025.zip (994.5 KB),https://thearp.org/documents/18960/OH_CD_10302025.zip,OH,OH
480,Oklahoma_CD_1992_2000.zip (80.9 KB),https://thearp.org/documents/12880/Oklahoma_CD_1992_2000.zip,OKLAHOMA,OK
481,ok_upper_1992to2000.zip (1.7 MB),https://thearp.org/documents/12786/ok_upper_1992to2000.zip,OK,OK
482,ok_lower_1992to2000.zip (2.3 MB),https://thearp.org/documents/12785/ok_lower_1992to2000.zip,OK,OK
483,OK_CD_2002_2010.zip (737.3 KB),https://thearp.org/documents/10999/OK_CD_2002_2010.zip,OK,OK
484,ok_upper_2002to2010.zip (1.4 MB),https://thearp.org/documents/10636/ok_upper_2002to2010.zip,OK,OK
485,ok_lower_2002to2010.zip (2.4 MB),https://thearp.org/documents/10672/ok_lower_2002to2010.zip,OK,OK
486,OK_2012to2020_CD.zip (640.2 KB),https://thearp.org/documents/5066/OK_2012to2020_CD.zip,OK,OK
487,OK_2012to2020_SU.zip (1.5 MB),https://thearp.org/documents/5095/OK_2012to2020_SU.zip,OK,OK
488,OK_2012to2020_SL.zip (2.4 MB),https://thearp.org/documents/5197/OK_2012to2020_SL.zip,OK,OK
489,OK_CD_Enacted11222021.zip (689.8 KB),https://thearp.org/documents/880/OK_CD_Enacted11222021.zip,OK,OK
490,OK_SD_Enacted11222021.zip (1.6 MB),https://thearp.org/documents/886/OK_SD_Enacted11222021.zip,OK,OK
491,OK_LD_Enacted11222021.zip (2.2 MB),https://thearp.org/documents/883/OK_LD_Enacted11222021.zip,OK,OK
492,Oregon_CD_1992_2000.zip (85.6 KB),https://thearp.org/documents/12881/Oregon_CD_1992_2000.zip,OREGON,OR
493,or_upper_1992to2000.zip (1.7 MB),https://thearp.org/documents/12805/or_upper_1992to2000.zip,OR,OR
494,or_lower_1992to2000.zip (2.7 MB),https://thearp.org/documents/12787/or_lower_1992to2000.zip,OR,OR
495,OR_CD_2002_2010.zip (703.0 KB),https://thearp.org/documents/11000/OR_CD_2002_2010.zip,OR,OR
496,or_upper_2002to2010.zip (1.5 MB),https://thearp.org/documents/10637/or_upper_2002to2010.zip,OR,OR
497,or_lower_2002to2010.zip (2.3 MB),https://thearp.org/documents/10671/or_lower_2002to2010.zip,OR,OR
498,OR_2012to2020_CD.zip (570.8 KB),https://thearp.org/documents/5067/OR_2012to2020_CD.zip,OR,OR
499,OR_2012to2020_SU.zip (2.0 MB),https://thearp.org/documents/5096/OR_2012to2020_SU.zip,OR,OR
500,OR_2012to2020_SL.zip (2.7 MB),https://thearp.org/documents/5198/OR_2012to2020_SL.zip,OR,OR
501,OR_CD_Enacted09272021_DoB1jYB.zip (947.0 KB),https://thearp.org/documents/889/OR_CD_Enacted09272021_DoB1jYB.zip,OR,OR
502,OR_SD_Enacted09272021_3XTO7kq.zip (1.7 MB),https://thearp.org/documents/895/OR_SD_Enacted09272021_3XTO7kq.zip,OR,OR
503,OR_LD_Enacted09272021_i0VR2RF.zip (2.3 MB),https://thearp.org/documents/892/OR_LD_Enacted09272021_i0VR2RF.zip,OR,OR
504,Pennsylvania_CD_1992_2000.zip (163.5 KB),https://thearp.org/documents/12882/Pennsylvania_CD_1992_2000.zip,PENNSYLVANIA,PA
505,pa_upper_1992to2000.zip (1.9 MB),https://thearp.org/documents/12789/pa_upper_1992to2000.zip,PA,PA
506,pa_lower_1992to2000.zip (3.8 MB),https://thearp.org/documents/12788/pa_lower_1992to2000.zip,PA,PA
507,PA_CD_2002.zip (2.2 MB),https://thearp.org/documents/11001/PA_CD_2002.zip,PA,PA
508,pa_upper_2002to2010.zip (2.2 MB),https://thearp.org/documents/10638/pa_upper_2002to2010.zip,PA,PA
509,pa_lower_2002to2010.zip (4.0 MB),https://thearp.org/documents/10670/pa_lower_2002to2010.zip,PA,PA
510,PA_CD_2004_2010.zip (2.2 MB),https://thearp.org/documents/11002/PA_CD_2004_2010.zip,PA,PA
511,PA_2012to2016_CD.zip (1.9 MB),https://thearp.org/documents/5068/PA_2012to2016_CD.zip,PA,PA
512,PA_2012_SU.zip (2.2 MB),https://thearp.org/documents/5097/PA_2012_SU.zip,PA,PA
513,PA_2012_SL.zip (4.0 MB),https://thearp.org/documents/5199/PA_2012_SL.zip,PA,PA
514,PA_2014to2020_SU.zip (2.1 MB),https://thearp.org/documents/5098/PA_2014to2020_SU.zip,PA,PA
515,PA_2014to2020_SL.zip (4.2 MB),https://thearp.org/documents/5200/PA_2014to2020_SL.zip,PA,PA
516,PA_2018to2020_CD.zip (1.2 MB),https://thearp.org/documents/5069/PA_2018to2020_CD.zip,PA,PA
517,PA_CD_enacted02232022.zip (1.3 MB),https://thearp.org/documents/905/PA_CD_enacted02232022.zip,PA,PA
518,PA_SD_Final_02042022.zip (2.0 MB),https://thearp.org/documents/911/PA_SD_Final_02042022.zip,PA,PA
519,PA_LD_Final_02042022.zip (4.1 MB),https://thearp.org/documents/908/PA_LD_Final_02042022.zip,PA,PA
520,Rhode_Island_CD_1992_2000.zip (13.5 KB),https://thearp.org/documents/12883/Rhode_Island_CD_1992_2000.zip,RHODE,RI
521,ri_upper_1992to2000.zip (396.9 KB),https://thearp.org/documents/12791/ri_upper_1992to2000.zip,RI,RI
522,ri_lower_1992to2000.zip (622.4 KB),https://thearp.org/documents/12790/ri_lower_1992to2000.zip,RI,RI
523,RI_CD_2002_2010.zip (52.4 KB),https://thearp.org/documents/11003/RI_CD_2002_2010.zip,RI,RI
524,RI_upper_2002.zip (101.6 KB),https://thearp.org/documents/10639/RI_upper_2002.zip,RI,RI
525,ri_lower_2002to2010.zip (550.1 KB),https://thearp.org/documents/10669/ri_lower_2002to2010.zip,RI,RI
526,ri_upper_2004to2010.zip (343.8 KB),https://thearp.org/documents/10640/ri_upper_2004to2010.zip,RI,RI
527,RI_2012to2020_CD.zip (74.7 KB),https://thearp.org/documents/5070/RI_2012to2020_CD.zip,RI,RI
528,RI_2012to2020_SU.zip (639.6 KB),https://thearp.org/documents/5099/RI_2012to2020_SU.zip,RI,RI
529,RI_2012to2020_SL.zip (687.2 KB),https://thearp.org/documents/5201/RI_2012to2020_SL.zip,RI,RI
530,RI_CD_Enacted02162022.zip (65.2 KB),https://thearp.org/documents/914/RI_CD_Enacted02162022.zip,RI,RI
531,RI_SD_Enacted02162022.zip (500.3 KB),https://thearp.org/documents/920/RI_SD_Enacted02162022.zip,RI,RI
532,RI_LD_Enacted02162022.zip (682.5 KB),https://thearp.org/documents/917/RI_LD_Enacted02162022.zip,RI,RI
533,South_Carolina_CD_1994_2000.zip (103.7 KB),https://thearp.org/documents/12884/South_Carolina_CD_1994_2000.zip,SOUTH,SC
534,sc_upper_1992to2000_7pbODCF.zip (3.0 MB),https://thearp.org/documents/12696/sc_upper_1992to2000_7pbODCF.zip,SC,SC
535,sc_lower_1996to2000.zip (4.1 MB),https://thearp.org/documents/12792/sc_lower_1996to2000.zip,SC,SC
536,SC_CD_2002_2010.zip (912.2 KB),https://thearp.org/documents/11004/SC_CD_2002_2010.zip,SC,SC
537,SC_upper_2002.zip (1.0 MB),https://thearp.org/documents/10641/SC_upper_2002.zip,SC,SC
538,SC_Lower_2002.zip (1.6 MB),https://thearp.org/documents/13243/SC_Lower_2002.zip,SC,SC
539,sc_upper_2003to2010.zip (2.5 MB),https://thearp.org/documents/10642/sc_upper_2003to2010.zip,SC,SC
540,sc_lower_2004to2010.zip (3.4 MB),https://thearp.org/documents/10667/sc_lower_2004to2010.zip,SC,SC
541,SC_2012to2020_CD.zip (1.4 MB),https://thearp.org/documents/5071/SC_2012to2020_CD.zip,SC,SC
542,SC_2012to2020_SU.zip (3.1 MB),https://thearp.org/documents/5100/SC_2012to2020_SU.zip,SC,SC
543,SC_2012to2020_SL.zip (4.3 MB),https://thearp.org/documents/5202/SC_2012to2020_SL.zip,SC,SC
544,SC_CD_Enacted_01262022.zip (1.5 MB),https://thearp.org/documents/923/SC_CD_Enacted_01262022.zip,SC,SC
545,SC_SD_Enacted_1210201.zip (2.9 MB),https://thearp.org/documents/929/SC_SD_Enacted_1210201.zip,SC,SC
546,SC_LD_Enacted_1210201.zip (4.1 MB),https://thearp.org/documents/926/SC_LD_Enacted_1210201.zip,SC,SC
547,SC_LD_Settlement_2024.zip (4.2 MB),https://thearp.org/documents/12954/SC_LD_Settlement_2024.zip,SC,SC
548,South_Dakota_CD_1992_2000.zip (27.8 KB),https://thearp.org/documents/12885/South_Dakota_CD_1992_2000.zip,SOUTH,SD
549,sd_upper_1992to2000.zip (1.3 MB),https://thearp.org/documents/12698/sd_upper_1992to2000.zip,SD,SD
550,sd_lower_1992to2000.zip (1.3 MB),https://thearp.org/documents/12697/sd_lower_1992to2000.zip,SD,SD
551,sd_upper_2002_2004.zip (486.0 KB),https://thearp.org/documents/10643/sd_upper_2002_2004.zip,SD,SD
552,sd_lower_2002to2004.zip (484.6 KB),https://thearp.org/documents/10666/sd_lower_2002to2004.zip,SD,SD
553,sd_upper_2005to2010.zip (1.4 MB),https://thearp.org/documents/10644/sd_upper_2005to2010.zip,SD,SD
554,sd_lower_2005to2010.zip (1.4 MB),https://thearp.org/documents/10665/sd_lower_2005to2010.zip,SD,SD
555,SD_2012to2020_CD.zip (218.3 KB),https://thearp.org/documents/5072/SD_2012to2020_CD.zip,SD,SD
556,SD_2012to2020_SU.zip (1.3 MB),https://thearp.org/documents/5101/SD_2012to2020_SU.zip,SD,SD
557,SD_2012to2020_SL.zip (1.4 MB),https://thearp.org/documents/5203/SD_2012to2020_SL.zip,SD,SD
558,SD_US_Cong_2018.zip (216.5 KB),https://thearp.org/documents/932/SD_US_Cong_2018.zip,SD,SD
559,SD_SD_Enacted11102021.zip (1.6 MB),https://thearp.org/documents/938/SD_SD_Enacted11102021.zip,SD,SD
560,SD_LD_Enacted11102021.zip (1.6 MB),https://thearp.org/documents/935/SD_LD_Enacted11102021.zip,SD,SD
561,Tennessee_CD_1992_2000.zip (120.2 KB),https://thearp.org/documents/12886/Tennessee_CD_1992_2000.zip,TENNESSEE,TN
562,tn_upper_1992to2000.zip (1.8 MB),https://thearp.org/documents/12807/tn_upper_1992to2000.zip,TN,TN
563,tn_lower_1994to2000.zip (4.1 MB),https://thearp.org/documents/12806/tn_lower_1994to2000.zip,TN,TN
564,TN_CD_2002_2010.zip (1.3 MB),https://thearp.org/documents/11005/TN_CD_2002_2010.zip,TN,TN
565,tn_upper_2002to2010.zip (1.9 MB),https://thearp.org/documents/10645/tn_upper_2002to2010.zip,TN,TN
566,tn_lower_2002to2010.zip (4.5 MB),https://thearp.org/documents/10664/tn_lower_2002to2010.zip,TN,TN
567,TN_2012to2020_CD.zip (1.2 MB),https://thearp.org/documents/5073/TN_2012to2020_CD.zip,TN,TN
568,TN_2012to2020_SU.zip (2.2 MB),https://thearp.org/documents/5102/TN_2012to2020_SU.zip,TN,TN
569,TN_2012to2020_SL.zip (4.4 MB),https://thearp.org/documents/5204/TN_2012to2020_SL.zip,TN,TN
570,TN_CD_Enacted_Technical_Changes.zip (1.4 MB),https://thearp.org/documents/12531/TN_CD_Enacted_Technical_Changes.zip,TN,TN
571,TN_SD_Enacted02062022_G6PN85S.zip (2.5 MB),https://thearp.org/documents/947/TN_SD_Enacted02062022_G6PN85S.zip,TN,TN
572,TN_LD_Enacted02062022.zip (4.9 MB),https://thearp.org/documents/944/TN_LD_Enacted02062022.zip,TN,TN
573,TN_CD2026_Enacted05072026.zip (1.6 MB),https://thearp.org/documents/20153/TN_CD2026_Enacted05072026.zip,TN,TN
574,TX_CD_1992_1994.zip (539.6 KB),https://thearp.org/documents/12999/TX_CD_1992_1994.zip,TX,TX
575,TX_Upper_1992shp.zip (1.8 MB),https://thearp.org/documents/12701/TX_Upper_1992shp.zip,TX,TX
576,TX_Lower_1992shp.zip (3.1 MB),https://thearp.org/documents/12699/TX_Lower_1992shp.zip,TX,TX
577,TX_Upper_1994.zip (2.1 MB),https://thearp.org/documents/12702/TX_Upper_1994.zip,TX,TX
578,TX_Lower_1994shp.zip (3.2 MB),https://thearp.org/documents/12700/TX_Lower_1994shp.zip,TX,TX
579,TX_CD_1996_1998.zip (489.6 KB),https://thearp.org/documents/13000/TX_CD_1996_1998.zip,TX,TX
580,TX_Upper_1996to2000.zip (2.1 MB),https://thearp.org/documents/12703/TX_Upper_1996to2000.zip,TX,TX
581,TX_Lower_1996shp.zip (3.1 MB),https://thearp.org/documents/12808/TX_Lower_1996shp.zip,TX,TX
582,TX_Lower_1998to2000shp.zip (3.1 MB),https://thearp.org/documents/16173/TX_Lower_1998to2000shp.zip,TX,TX
583,Texas_CD_2000.zip (492.8 KB),https://thearp.org/documents/12887/Texas_CD_2000.zip,TEXAS,TX
584,TX_CD_2002.zip (3.3 MB),https://thearp.org/documents/11222/TX_CD_2002.zip,TX,TX
585,tx_upper_2002to2010.zip (3.2 MB),https://thearp.org/documents/10646/tx_upper_2002to2010.zip,TX,TX
586,tx_lower_2002to2010.zip (6.5 MB),https://thearp.org/documents/10663/tx_lower_2002to2010.zip,TX,TX
587,TX_CD_2004.zip (460.4 KB),https://thearp.org/documents/11220/TX_CD_2004.zip,TX,TX
588,TX_CD_2006_2010.zip (3.8 MB),https://thearp.org/documents/11221/TX_CD_2006_2010.zip,TX,TX
589,TX_2012to2020_CD.zip (4.4 MB),https://thearp.org/documents/5074/TX_2012to2020_CD.zip,TX,TX
590,TX_2012_SU.zip (3.6 MB),https://thearp.org/documents/5103/TX_2012_SU.zip,TX,TX
591,TX_2012_SL.zip (6.9 MB),https://thearp.org/documents/5205/TX_2012_SL.zip,TX,TX
592,TX_2014to2020_SU.zip (4.7 MB),https://thearp.org/documents/5104/TX_2014to2020_SU.zip,TX,TX
593,TX_2014to2018_SL.zip (8.1 MB),https://thearp.org/documents/5206/TX_2014to2018_SL.zip,TX,TX
594,TX_2020_SL.zip (6.9 MB),https://thearp.org/documents/5207/TX_2020_SL.zip,TX,TX
595,TX_CD_10252021_jFiNCxj.zip (4.6 MB),https://thearp.org/documents/950/TX_CD_10252021_jFiNCxj.zip,TX,TX
596,TX_SD_10252021_xisRmfj.zip (4.4 MB),https://thearp.org/documents/956/TX_SD_10252021_xisRmfj.zip,TX,TX
597,TX_LD10252021_CaaJzWc.zip (6.9 MB),https://thearp.org/documents/953/TX_LD10252021_CaaJzWc.zip,TX,TX
598,tx_cd_Enacted_2025.zip (4.7 MB),https://thearp.org/documents/18577/tx_cd_Enacted_2025.zip,TX,TX
599,Utah_CD_1992_2000.zip (39.3 KB),https://thearp.org/documents/12888/Utah_CD_1992_2000.zip,UTAH,UT
600,ut_upper_1992to2000.zip (1.3 MB),https://thearp.org/documents/12705/ut_upper_1992to2000.zip,UT,UT
601,ut_lower_1992to2000.zip (2.1 MB),https://thearp.org/documents/12704/ut_lower_1992to2000.zip,UT,UT
602,UT_CD_2002_2010.zip (449.6 KB),https://thearp.org/documents/11006/UT_CD_2002_2010.zip,UT,UT
603,ut_upper_2002to2010.zip (1.2 MB),https://thearp.org/documents/10647/ut_upper_2002to2010.zip,UT,UT
604,ut_lower_2002to2010.zip (2.0 MB),https://thearp.org/documents/10662/ut_lower_2002to2010.zip,UT,UT
605,UT_2012to2020_CD.zip (506.3 KB),https://thearp.org/documents/5075/UT_2012to2020_CD.zip,UT,UT
606,UT_2012to2020_SU.zip (1.4 MB),https://thearp.org/documents/5105/UT_2012to2020_SU.zip,UT,UT
607,UT_2012to2020_SL.zip (1.8 MB),https://thearp.org/documents/5208/UT_2012to2020_SL.zip,UT,UT
608,UT_CD_Enacted11122021.zip (601.0 KB),https://thearp.org/documents/959/UT_CD_Enacted11122021.zip,UT,UT
609,UT_SD_Enacted11162021.zip (1.4 MB),https://thearp.org/documents/965/UT_SD_Enacted11162021.zip,UT,UT
610,ut_ld_11162021.zip (1.7 MB),https://thearp.org/documents/962/ut_ld_11162021.zip,UT,UT
611,UT_CD_CourtOrdered11112025.zip (72.0 KB),https://thearp.org/documents/19051/UT_CD_CourtOrdered11112025.zip,UT,UT
612,vt_upper_2002to2010.zip (227.5 KB),https://thearp.org/documents/10649/vt_upper_2002to2010.zip,VT,VT
613,vt_lower_2002to2010.zip (497.2 KB),https://thearp.org/documents/10660/vt_lower_2002to2010.zip,VT,VT
614,VT_2012to2020_CD.zip (125.6 KB),https://thearp.org/documents/5078/VT_2012to2020_CD.zip,VT,VT
615,VT_2012to2020_SU.zip (266.9 KB),https://thearp.org/documents/5107/VT_2012to2020_SU.zip,VT,VT
616,VT_2012to2020_SL.zip (532.6 KB),https://thearp.org/documents/5211/VT_2012to2020_SL.zip,VT,VT
617,VT_US_Cong_2018.zip (123.8 KB),https://thearp.org/documents/968/VT_US_Cong_2018.zip,VT,VT
618,VT_SD_Enacted04062022.zip (324.0 KB),https://thearp.org/documents/974/VT_SD_Enacted04062022.zip,VT,VT
619,VT_LD_Enacted04062022.zip (652.0 KB),https://thearp.org/documents/971/VT_LD_Enacted04062022.zip,VT,VT
620,VA_CD_1992.zip (177.0 KB),https://thearp.org/documents/13001/VA_CD_1992.zip,VA,VA
621,va_upper_1992to2000.zip (2.5 MB),https://thearp.org/documents/12707/va_upper_1992to2000.zip,VA,VA
622,va_lower_1992to2000.zip (4.1 MB),https://thearp.org/documents/12706/va_lower_1992to2000.zip,VA,VA
623,VA_CD_1994_1996.zip (179.8 KB),https://thearp.org/documents/13002/VA_CD_1994_1996.zip,VA,VA
624,Virginia_CD_1998_2000_qRTorjc.zip (153.7 KB),https://thearp.org/documents/13003/Virginia_CD_1998_2000_qRTorjc.zip,VIRGINIA,VA
625,va_upper_2001to2010.zip (2.7 MB),https://thearp.org/documents/10648/va_upper_2001to2010.zip,VA,VA
626,VA_CD_2002_2010.zip (1.6 MB),https://thearp.org/documents/11007/VA_CD_2002_2010.zip,VA,VA
627,va_lower_2002to2010.zip (4.0 MB),https://thearp.org/documents/10661/va_lower_2002to2010.zip,VA,VA
628,VA_2011to2018_SL.zip (4.9 MB),https://thearp.org/documents/5209/VA_2011to2018_SL.zip,VA,VA
629,VA_2012to2014_CD.zip (2.0 MB),https://thearp.org/documents/5076/VA_2012to2014_CD.zip,VA,VA
630,VA_2012to2020_SU.zip (4.9 MB),https://thearp.org/documents/5106/VA_2012to2020_SU.zip,VA,VA
631,VA_2016to2020_CD.zip (1.8 MB),https://thearp.org/documents/5077/VA_2016to2020_CD.zip,VA,VA
632,VA_2019to2020_SL.zip (4.5 MB),https://thearp.org/documents/5210/VA_2019to2020_SL.zip,VA,VA
633,VA_CD_Approved_12282021.zip (2.0 MB),https://thearp.org/documents/977/VA_CD_Approved_12282021.zip,VA,VA
634,VA_SD_Approved_12282021.zip (3.4 MB),https://thearp.org/documents/983/VA_SD_Approved_12282021.zip,VA,VA
635,VA_HOD_Approved_12282021.zip (5.4 MB),https://thearp.org/documents/980/VA_HOD_Approved_12282021.zip,VA,VA
636,Washington_CD_1992_2000.zip (128.9 KB),https://thearp.org/documents/12891/Washington_CD_1992_2000.zip,WASHINGTON,WA
637,wa_upper_1992to2000.zip (1.6 MB),https://thearp.org/documents/12810/wa_upper_1992to2000.zip,WA,WA
638,wa_lower_1992to2000.zip (1.6 MB),https://thearp.org/documents/12710/wa_lower_1992to2000.zip,WA,WA
639,WA_CD_2002_2010.zip (637.1 KB),https://thearp.org/documents/11008/WA_CD_2002_2010.zip,WA,WA
640,wa_upper_2002to2010.zip (1.4 MB),https://thearp.org/documents/10650/wa_upper_2002to2010.zip,WA,WA
641,wa_lower_2002to2010.zip (1.4 MB),https://thearp.org/documents/10659/wa_lower_2002to2010.zip,WA,WA
642,WA_2012to2020_CD.zip (912.9 KB),https://thearp.org/documents/5079/WA_2012to2020_CD.zip,WA,WA
643,WA_2012to2020_SU.zip (2.4 MB),https://thearp.org/documents/5108/WA_2012to2020_SU.zip,WA,WA
644,WA_2012to2020_SL.zip (2.4 MB),https://thearp.org/documents/5219/WA_2012to2020_SL.zip,WA,WA
645,WA_CD_Enacted02082022.zip (772.6 KB),https://thearp.org/documents/986/WA_CD_Enacted02082022.zip,WA,WA
646,WA_SD_Enacted02082022.zip (2.0 MB),https://thearp.org/documents/992/WA_SD_Enacted02082022.zip,WA,WA
647,WA_LD_Enacted02082022.zip (2.0 MB),https://thearp.org/documents/989/WA_LD_Enacted02082022.zip,WA,WA
648,WA_SD_2024.zip (2.1 MB),https://thearp.org/documents/16549/WA_SD_2024.zip,WA,WA
649,WA_LD_2024.zip (2.1 MB),https://thearp.org/documents/16546/WA_LD_2024.zip,WA,WA
650,West_Virginia_CD_1992_2000.zip (97.9 KB),https://thearp.org/documents/12892/West_Virginia_CD_1992_2000.zip,WEST,WV
651,WV_Upper_1992to2000_Fixed.shp.zip (1.6 MB),https://thearp.org/documents/12714/WV_Upper_1992to2000_Fixed.shp.zip,WV,WV
652,wv_lower_1992to2000.zip (2.3 MB),https://thearp.org/documents/12713/wv_lower_1992to2000.zip,WV,WV
653,WV_CD_2002_2010.zip (643.1 KB),https://thearp.org/documents/11010/WV_CD_2002_2010.zip,WV,WV
654,wv_upper_2002to2010.zip (1.5 MB),https://thearp.org/documents/10652/wv_upper_2002to2010.zip,WV,WV
655,wv_lower_2002to2010.zip (2.4 MB),https://thearp.org/documents/10716/wv_lower_2002to2010.zip,WV,WV
656,WV_2012to2020_CD.zip (731.8 KB),https://thearp.org/documents/5081/WV_2012to2020_CD.zip,WV,WV
657,WV_2012to2020_SU.zip (1.6 MB),https://thearp.org/documents/5110/WV_2012to2020_SU.zip,WV,WV
658,WV_2012to2020_SL.zip (3.0 MB),https://thearp.org/documents/5213/WV_2012to2020_SL.zip,WV,WV
659,WV_CD_Enacted10222021_7eHHVGj.zip (605.2 KB),https://thearp.org/documents/995/WV_CD_Enacted10222021_7eHHVGj.zip,WV,WV
660,WV_SD_Enacted_10222021_3Kx9ijf.zip (1.6 MB),https://thearp.org/documents/1001/WV_SD_Enacted_10222021_3Kx9ijf.zip,WV,WV
661,WV_LD_Enacted_10222021_KO34TCR.zip (3.9 MB),https://thearp.org/documents/998/WV_LD_Enacted_10222021_KO34TCR.zip,WV,WV
662,Wisconsin_CD_1992_2000.zip (108.3 KB),https://thearp.org/documents/12893/Wisconsin_CD_1992_2000.zip,WISCONSIN,WI
663,WI_upper_1992to2000.zip (1.1 MB),https://thearp.org/documents/12712/WI_upper_1992to2000.zip,WI,WI
664,WI_lower_1992to2000.zip (1.7 MB),https://thearp.org/documents/12711/WI_lower_1992to2000.zip,WI,WI
665,WI_CD_2002_2010.zip (1.4 MB),https://thearp.org/documents/11009/WI_CD_2002_2010.zip,WI,WI
666,wi_upper_2002to2010.zip (1.0 MB),https://thearp.org/documents/10651/wi_upper_2002to2010.zip,WI,WI
667,wi_lower_2002to2010.zip (1.7 MB),https://thearp.org/documents/10658/wi_lower_2002to2010.zip,WI,WI
668,WI_2012to2020_CD.zip (686.8 KB),https://thearp.org/documents/5080/WI_2012to2020_CD.zip,WI,WI
669,WI_2012to2020_SU.zip (2.5 MB),https://thearp.org/documents/5109/WI_2012to2020_SU.zip,WI,WI
670,WI_2012to2020_SL.zip (3.2 MB),https://thearp.org/documents/5212/WI_2012to2020_SL.zip,WI,WI
671,wi_cd_03032022_fix.zip (1.8 MB),https://thearp.org/documents/1004/wi_cd_03032022_fix.zip,WI,WI
672,WI_SD_Enacted04152022.zip (2.7 MB),https://thearp.org/documents/1103/WI_SD_Enacted04152022.zip,WI,WI
673,WI_LD_Enacted04152022.zip (3.6 MB),https://thearp.org/documents/1007/WI_LD_Enacted04152022.zip,WI,WI
674,WI_SD_Enacted_02192024.zip (331.0 KB),https://thearp.org/documents/18301/WI_SD_Enacted_02192024.zip,WI,WI
675,WI_LD_Enacted002192024.pdf (34.0 MB),https://thearp.org/documents/18299/WI_LD_Enacted002192024.pdf,WI,WI
676,Wyoming_CD_1992_2000.zip (8.1 KB),https://thearp.org/documents/12844/Wyoming_CD_1992_2000.zip,WYOMING,WY
677,WY_upper_1992to2000.zip (889.3 KB),https://thearp.org/documents/12716/WY_upper_1992to2000.zip,WY,WY
678,WY_lower_1992to2000.zip (1.3 MB),https://thearp.org/documents/12715/WY_lower_1992to2000.zip,WY,WY
679,wy_upper_2002to2010.zip (1.3 MB),https://thearp.org/documents/10653/wy_upper_2002to2010.zip,WY,WY
680,wy_lower_2002_2010.zip (2.3 MB),https://thearp.org/documents/10715/wy_lower_2002_2010.zip,WY,WY
681,WY_2012to2020_CD.zip (92.0 KB),https://thearp.org/documents/5082/WY_2012to2020_CD.zip,WY,WY
682,WY_2012to2020_SU.zip (1.5 MB),https://thearp.org/documents/5111/WY_2012to2020_SU.zip,WY,WY
683,WY_2012to2020_SL.zip (1.9 MB),https://thearp.org/documents/5214/WY_2012to2020_SL.zip,WY,WY
684,WY_US_Cong_2018.zip (90.3 KB),https://thearp.org/documents/1013/WY_US_Cong_2018.zip,WY,WY
685,WY_SD_Enacted03252022.zip (1.1 MB),https://thearp.org/documents/1019/WY_SD_Enacted03252022.zip,WY,WY
686,WY_LD_Enacted03252022.zip (1.5 MB),https://thearp.org/documents/1016/WY_LD_Enacted03252022.zip,WY,WY
