election_id,election,CandidateTotalsByCountyLink,Notes
69,2026 GENERAL PRIMARY,
68,2025 CONSOLIDATED ELECTION,
66,2024 GENERAL ELECTION,https://elections.il.gov/NewDocDisplay.aspx?khDtbt6dhc8zLboSZnz8zqVh5SQVox7uAOAe2nieWDAlNyd4%2btjArHsz9xVXIJ4p6Y57u3FvWw0%2bgnNWdT3uKyV44EJPSNKJqSNPoTMrt%2fmA2Vga9kq1Ze1iXEwZay4hPK3eAEa%2f2wcdY8MIeoGR35CWU7WliVnSXlUFjPNH9IqQEvIK0RTUwAxlsIVe0e2QvsbmUlDAyes%3d
65,2024 GENERAL PRIMARY,https://elections.il.gov/NewDocDisplay.aspx?khDtbt6dhc8zLboSZnz8zqVh5SQVox7uAOAe2nieWDAlNyd4%2btjArHsz9xVXIJ4p6Y57u3FvWw0%2bgnNWdT3uKyV44EJPSNKJqSNPoTMrt%2fmA2Vga9kq1Ze1iXEwZay4hPK3eAEa%2f2wcdY8MIeoGR39sSBMsL2x%2bcO%2bo4b1aWap6eXuodBvDiO8a72l3XuDQ0Lck0%2fBIsZN8%3d
64,2023 CONSOLIDATED ELECTION,
62,2022 GENERAL ELECTION,https://elections.il.gov/NewDocDisplay.aspx?khDtbt6dhc8zLboSZnz8zqVh5SQVox7uAOAe2nieWDAlNyd4%2btjArHsz9xVXIJ4p6Y57u3FvWw0%2bgnNWdT3uKyV44EJPSNKJqSNPoTMrt%2fmA2Vga9kq1ZSMw8T%2bTP0Bu5MYScFngpt5KKJsa1cQ0Ak2xTeElyH2Rf2dTv5xVv%2bzcqC31P7B963X1r09qmksh
61,2022 GENERAL PRIMARY,https://elections.il.gov/NewDocDisplay.aspx?khDtbt6dhc8zLboSZnz8zqVh5SQVox7uAOAe2nieWDAlNyd4%2btjArHsz9xVXIJ4p6Y57u3FvWw0%2bgnNWdT3uKyV44EJPSNKJqSNPoTMrt%2fmA2Vga9kq1ZSMw8T%2bTP0Bu5MYScFngpt5KKJsa1cQ0Ak2xTeElyH2R6HzvNMlMKxgJQMjsktjYGlknsXorbUiI
59,2021 CONSOLIDATED ELECTION,
58,2020 GENERAL ELECTION,https://elections.il.gov/NewDocDisplay.aspx?khDtbt6dhc8zLboSZnz8zqVh5SQVox7uAOAe2nieWDAlNyd4%2btjArHsz9xVXIJ4p6Y57u3FvWw0%2bgnNWdT3uKyV44EJPSNKJqSNPoTMrt%2fmA2Vga9kq1ZeVciCixC%2bz1ZNJL5NtW4BzqozO%2bIMmNKJ4X79NjbJKzdNUQuBLhZjPAWD9hH%2fRxogisU4oORV2G
56,2020 GENERAL PRIMARY,https://elections.il.gov/NewDocDisplay.aspx?khDtbt6dhc8zLboSZnz8zqVh5SQVox7uAOAe2nieWDAlNyd4%2btjArHsz9xVXIJ4p6Y57u3FvWw0%2bgnNWdT3uKyV44EJPSNKJqSNPoTMrt%2fmA2Vga9kq1ZeVciCixC%2bz1ZNJL5NtW4BzqozO%2bIMmNKOu4%2bAw5AhmApODsF8NFLz8KnZXanpC%2fx2Yw10hEMpd%2f
55,2019 CONSOLIDATED ELECTION,
54,2018 GENERAL ELECTION,https://elections.il.gov/NewDocDisplay.aspx?khDtbt6dhc8zLboSZnz8zqVh5SQVox7uAOAe2nieWDAlNyd4%2btjArHsz9xVXIJ4p6Y57u3FvWw0%2bgnNWdT3uKyV44EJPSNKJqSNPoTMrt%2fmA2Vga9kq1ZQftp%2fSyhp5PFMq2OvjCNY5I2g1KvY54trRpa2jTf6%2fHHJtgkIMya6%2feEoiTEYKMduHkjgICGxfFDrolJSG8sx0%3d
53,2018 GENERAL PRIMARY,https://elections.il.gov/NewDocDisplay.aspx?khDtbt6dhc8zLboSZnz8zqVh5SQVox7uAOAe2nieWDAlNyd4%2btjArHsz9xVXIJ4p6Y57u3FvWw0%2bgnNWdT3uKyV44EJPSNKJqSNPoTMrt%2fmA2Vga9kq1ZQftp%2fSyhp5PFMq2OvjCNY5I2g1KvY54tj%2fYiCsJFXfU3G5I4YhttIgztwDX6Njr6Y4l0UfEP09n
51,2016 GENERAL ELECTION,https://elections.il.gov/NewDocDisplay.aspx?khDtbt6dhc8zLboSZnz8zqVh5SQVox7uAOAe2nieWDAlNyd4%2btjArHsz9xVXIJ4p6Y57u3FvWw0%2bgnNWdT3uKyV44EJPSNKJqSNPoTMrt%2fmA2Vga9kq1ZcyCkMA7x3sXBKi6Ks4uZustlNRzKk7R7o%2fUN%2fUv1sMbaVKf25KY3N3OWQWoH4blCkQ2OsoKIK8l
50,2016 GENERAL PRIMARY,https://elections.il.gov/NewDocDisplay.aspx?khDtbt6dhc8zLboSZnz8zqVh5SQVox7uAOAe2nieWDAlNyd4%2btjArHsz9xVXIJ4p6Y57u3FvWw0%2bgnNWdT3uKyV44EJPSNKJqSNPoTMrt%2fmA2Vga9kq1ZcyCkMA7x3sXBKi6Ks4uZustlNRzKk7R7ljbA1VA2W573EZlHuKfVuEiC1xOdiy9jlT0egvV5IbG
49,2015 SPECIAL GENERAL ELECTION,
48,2015 SPECIAL PRIMARY,
44,2015 CONSOLIDATED ELECTION,
43,2014 GENERAL ELECTION,https://elections.il.gov/NewDocDisplay.aspx?khDtbt6dhc8zLboSZnz8zqVh5SQVox7uAOAe2nieWDAlNyd4%2btjArHsz9xVXIJ4p6Y57u3FvWw0%2bgnNWdT3uKyV44EJPSNKJqSNPoTMrt%2fmA2Vga9kq1ZasjAerqxs3fRrf2XYrBXtEbKmVLSjufoQA9F%2b6gOYWYukAdACVpfqNvXS55dDoOw3dWCvMcowAd
41,2014 GENERAL PRIMARY,https://elections.il.gov/NewDocDisplay.aspx?khDtbt6dhc8zLboSZnz8zqVh5SQVox7uAOAe2nieWDAlNyd4%2btjArHsz9xVXIJ4p6Y57u3FvWw0%2bgnNWdT3uKyV44EJPSNKJqSNPoTMrt%2fmA2Vga9kq1ZasjAerqxs3fRrf2XYrBXtEbKmVLSjufof2IpO8z4VfYshl93ka8t4VUe%2b%2bKCz2u1PkMgvahLR%2bC
40,2013 SPECIAL GENERAL ELECTION,
38,2013 SPECIAL PRIMARY,
33,2012 GENERAL ELECTION,https://elections.il.gov/NewDocDisplay.aspx?khDtbt6dhc8zLboSZnz8zqVh5SQVox7uAOAe2nieWDAlNyd4%2btjArHsz9xVXIJ4p6Y57u3FvWw0%2bgnNWdT3uKyV44EJPSNKJqSNPoTMrt%2fmA2Vga9kq1Zer3TqjMLZFBpyGuzFVLVTjMzwFBag7lMBUEzMjHB2EUWqGr2rtkDCVng39K6blavk1qrrSf2XUO
32,2012 GENERAL PRIMARY,https://elections.il.gov/NewDocDisplay.aspx?khDtbt6dhc8zLboSZnz8zqVh5SQVox7uAOAe2nieWDAlNyd4%2btjArHsz9xVXIJ4p6Y57u3FvWw0%2bgnNWdT3uKyV44EJPSNKJqSNPoTMrt%2fmA2Vga9kq1Zer3TqjMLZFBpyGuzFVLVTjMzwFBag7lME1L7hxIQQoc5HhRXX%2bWhi%2bgmy8ULWmB6anuiUlxuFUQ
29,2010 GENERAL ELECTION,https://elections.il.gov/NewDocDisplay.aspx?khDtbt6dhc8zLboSZnz8zqVh5SQVox7uAOAe2nieWDAlNyd4%2btjArHsz9xVXIJ4p6Y57u3FvWw0%2bgnNWdT3uKyV44EJPSNKJqSNPoTMrt%2fmA2Vga9kq1ZchKLBtq0PZpEVaLjqq6OleE8DkYy3MmTpLOtdCJcZS1kVBslIYL%2f1tce8O8SBv3xzw0IEnRvHWh
30,2010 SPECIAL GENERAL ELECTION,
28,2010 GENERAL PRIMARY,https://elections.il.gov/NewDocDisplay.aspx?khDtbt6dhc8zLboSZnz8zqVh5SQVox7uAOAe2nieWDAlNyd4%2btjArHsz9xVXIJ4p6Y57u3FvWw0%2bgnNWdT3uKyV44EJPSNKJqSNPoTMrt%2fmA2Vga9kq1ZchKLBtq0PZpEVaLjqq6OleE8DkYy3MmTp6H9k5sJxom1Y1PPZKwyR4dyASY9ZwI%2bIb8By4UszQV
27,2009 SPECIAL GENERAL ELECTION,,"5th congress, Mike Quigley beats Rosanna Pulido"
26,2009 SPECIAL PRIMARY,,"5th congress, Mike Quigley beats Rosanna Pulido"
22,2008 GENERAL ELECTION,https://elections.il.gov/NewDocDisplay.aspx?khDtbt6dhc8zLboSZnz8zqVh5SQVox7uAOAe2nieWDAlNyd4%2btjArHsz9xVXIJ4p6Y57u3FvWw0%2bgnNWdT3uKyV44EJPSNKJqSNPoTMrt%2fmA2Vga9kq1ZVcE%2fKSRRVYPmEiR0E1M2978KTDoe9Wt%2by0Fu4gjQ7hcfhl%2f%2f1D5qId5Ex2btBAktxdA3jlhBQA1
24,2008 SPECIAL GENERAL ELECTION,,"14th congress, Jim Oberweis beats Bill Foster"
21,2008 GENERAL PRIMARY,https://elections.il.gov/NewDocDisplay.aspx?khDtbt6dhc8zLboSZnz8zqVh5SQVox7uAOAe2nieWDAlNyd4%2btjArHsz9xVXIJ4p6Y57u3FvWw0%2bgnNWdT3uKyV44EJPSNKJqSNPoTMrt%2fmA2Vga9kq1ZVcE%2fKSRRVYPmEiR0E1M2978KTDoe9Wt%2b1W5aF%2bRXzu69bF8AGYhjosV0r3rabq5ik%2b7TPbIYSWP
23,2008 SPECIAL PRIMARY,,"14th congress, Jim Oberweis beats Bill Foster"
19,2006 GENERAL ELECTION,https://elections.il.gov/NewDocDisplay.aspx?khDtbt6dhc8zLboSZnz8zqVh5SQVox7uAOAe2nieWDAlNyd4%2btjArHsz9xVXIJ4p6Y57u3FvWw0%2bgnNWdT3uKyV44EJPSNKJqSNPoTMrt%2fmA2Vga9kq1ZYCUKSb2ZB%2fCxykq03t7B1JOgGbXUywd8lSoSdcSn1NOnhz5S%2fCRQGBY1CzCGgbqqjL%2bpHSLtjns4uKSQMa6Bl4%3d
18,2006 GENERAL PRIMARY,https://elections.il.gov/NewDocDisplay.aspx?khDtbt6dhc8zLboSZnz8zqVh5SQVox7uAOAe2nieWDAlNyd4%2btjArHsz9xVXIJ4p6Y57u3FvWw0%2bgnNWdT3uKyV44EJPSNKJqSNPoTMrt%2fmA2Vga9kq1ZYCUKSb2ZB%2fCxykq03t7B1JOgGbXUywd8voRsbUZilaq7s8%2fEtlljJoGm8bYAmJ5hZfvY%2fh5vzXhcnWII4oWPrA%3d
16,2004 GENERAL ELECTION,https://elections.il.gov/NewDocDisplay.aspx?khDtbt6dhc8zLboSZnz8zqVh5SQVox7uAOAe2nieWDAlNyd4%2btjArHsz9xVXIJ4p6Y57u3FvWw0%2bgnNWdT3uKyV44EJPSNKJqSNPoTMrt%2fmA2Vga9kq1ZbBAaynJaYDeehzrVcUaY%2f6dQuJ6YjQnX3Gmw0TVe3reHGtLNWadKq6k5%2flQ9ATuf0JBdGp8YrnUV%2b3VcS%2fswSI%3d
15,2004 GENERAL PRIMARY,https://elections.il.gov/NewDocDisplay.aspx?khDtbt6dhc8zLboSZnz8zqVh5SQVox7uAOAe2nieWDAlNyd4%2btjArHsz9xVXIJ4p6Y57u3FvWw0%2bgnNWdT3uKyV44EJPSNKJqSNPoTMrt%2fmA2Vga9kq1ZbBAaynJaYDeehzrVcUaY%2f6dQuJ6YjQnX%2b71Qjck0nD%2bHTkhSqy3seNhDNa1ZxovWMIsahgG9aKfJDp6awFM9Hw%3d
13,2002 GENERAL ELECTION,https://elections.il.gov/NewDocDisplay.aspx?khDtbt6dhc8zLboSZnz8zqVh5SQVox7uAOAe2nieWDAlNyd4%2btjArHsz9xVXIJ4p6Y57u3FvWw0%2bgnNWdT3uKyV44EJPSNKJqSNPoTMrt%2fmA2Vga9kq1ZeeBDZh5aFV%2f5Fj6mxlHEmXEac%2b7FDWzAeI%2beuD9AjYyH%2bPmg1%2bQ4ldODLJ1CZObWDOLWoLUWCijE0seLUr%2b6ag%3d
10,2002 GENERAL PRIMARY,https://elections.il.gov/NewDocDisplay.aspx?khDtbt6dhc8zLboSZnz8zqVh5SQVox7uAOAe2nieWDAlNyd4%2btjArHsz9xVXIJ4p6Y57u3FvWw0%2bgnNWdT3uKyV44EJPSNKJqSNPoTMrt%2fmA2Vga9kq1ZeeBDZh5aFV%2f5Fj6mxlHEmXEac%2b7FDWzASHsRW%2fwdRIOZN%2bm5LhvUKVZKW2Ks6Ik7fNTdc7naVggVcD4c4BindM%3d
8,2000 GENERAL ELECTION,https://elections.il.gov/NewDocDisplay.aspx?khDtbt6dhc8zLboSZnz8zqVh5SQVox7uAOAe2nieWDAlNyd4%2btjArHsz9xVXIJ4p6Y57u3FvWw0%2bgnNWdT3uKyV44EJPSNKJqSNPoTMrt%2fmA2Vga9kq1ZZw3h4ar3NE4CX%2bu5lLO94twHzufQ58vYiTTyLyUvgi0WN69Fo5kccbMLRCeI2oJQ8oIHXp6VBYVJ3KPqNlmkxg%3d
7,2000 GENERAL PRIMARY,https://elections.il.gov/NewDocDisplay.aspx?khDtbt6dhc8zLboSZnz8zqVh5SQVox7uAOAe2nieWDAlNyd4%2btjArHsz9xVXIJ4p6Y57u3FvWw0%2bgnNWdT3uKyV44EJPSNKJqSNPoTMrt%2fmA2Vga9kq1ZZw3h4ar3NE4CX%2bu5lLO94twHzufQ58vYlkMCNtiT%2bQdcHGqEYcC76DQfv1UzuPRv4Gx4s1BrJGh2J6hddFaptM%3d
11,1998 GENERAL ELECTION,https://elections.il.gov/NewDocDisplay.aspx?khDtbt6dhc8zLboSZnz8zqVh5SQVox7uAOAe2nieWDAlNyd4%2btjArHsz9xVXIJ4p6Y57u3FvWw0%2bgnNWdT3uKyV44EJPSNKJqSNPoTMrt%2fmA2Vga9kq1ZbxtiJ%2fosJgrbL31aBh9d%2f%2bNJIzsDGBT%2bfoloSjs%2f6ALb494jITMllUgwFEFbYmnkbKxOfg5d3r04%2fFvsokQoGg%3d
12,1998 GENERAL PRIMARY,https://elections.il.gov/NewDocDisplay.aspx?khDtbt6dhc8zLboSZnz8zqVh5SQVox7uAOAe2nieWDAlNyd4%2btjArHsz9xVXIJ4p6Y57u3FvWw0%2bgnNWdT3uKyV44EJPSNKJqSNPoTMrt%2fmA2Vga9kq1ZbxtiJ%2fosJgrbL31aBh9d%2f%2bNJIzsDGBT%2bQkhuKmvpbsxgbne1Q5vajgD4SHsAWia8xPXnyQzj63o9gG9ONztqDU%3d